,,accuracy,Loss
,,pH,pH
method,fold,,
M,fold1,-25.241010665893555,10.980472564697266
N,fold1,-7.99696159362793,3.764751672744751
