comboID,other_sampleID,treatment,treatment2,bedrock,soil_elevalleyation,rep,experiment,time,Latitude,Longitude,organic_matter,CO2.respiration,basal.respiration,induced.respiration,pH,potassium,nitrogen,yield.fresh.wt,yield.dry.wt,compaction,penetrability,sampling.date,description,biome,location,BioProject,SampleID,BioSample,SRA_Study,Experiment,SRA_Sample,MBases
PRJEB9654_ERR952501,HH1-1.2013,full-grazed,herbicide,siliceous,low mountain,1,PRJEB9654,2013,504577,4772439,7.08,3.85,0.81,27,5.24,215,0.48,1.68,5.991393,2577,8,2013-04-15,HH1-1.2013,grassland,Spain,PRJEB9654,ERR952501,SAMEA3474095,ERP010785,ERX1031471,ERS785371,110
PRJEB9654_ERR952502,HH1-1.2013,full-grazed,herbicide,siliceous,low mountain,1,PRJEB9654,2013,504577,4772439,7.08,3.85,0.81,27,5.24,215,0.48,1.68,5.991393,2577,8,2013-04-15,HH1-1.2013,grassland,Spain,PRJEB9654,ERR952502,SAMEA3474304,ERP010785,ERX1031472,ERS785580,106
PRJEB9654_ERR952503,HH1-1.2014,full-grazed,herbicide,siliceous,low mountain,1,PRJEB9654,2014,504577,4772439,10.02,3.85,1.19,33,5.08,275,0.5,1.24,7.440525,2400,25,2014-06-02,HH1-1.2014,grassland,Spain,PRJEB9654,ERR952503,SAMEA3474096,ERP010785,ERX1031473,ERS785372,79
PRJEB9654_ERR952504,HH1-1.2014,full-grazed,herbicide,siliceous,low mountain,1,PRJEB9654,2014,504577,4772439,10.02,3.85,1.19,33,5.08,275,0.5,1.24,7.440525,2400,25,2014-06-02,HH1-1.2014,grassland,Spain,PRJEB9654,ERR952504,SAMEA3474305,ERP010785,ERX1031474,ERS785581,129
PRJEB9654_ERR952505,HH1-2.2013,full-grazed,herbicide,siliceous,low mountain,2,PRJEB9654,2013,504568,4772450,10.97,4.97,0.58,24,5.17,171,0.49,1.61,5.248584,2605,13,2013-04-15,HH1-2.2013,grassland,Spain,PRJEB9654,ERR952505,SAMEA3474097,ERP010785,ERX1031475,ERS785373,85
PRJEB9654_ERR952506,HH1-2.2013,full-grazed,herbicide,siliceous,low mountain,2,PRJEB9654,2013,504568,4772450,10.97,4.97,0.58,24,5.17,171,0.49,1.61,5.248584,2605,13,2013-04-15,HH1-2.2013,grassland,Spain,PRJEB9654,ERR952506,SAMEA3474306,ERP010785,ERX1031476,ERS785582,70
PRJEB9654_ERR952507,HH1-2.2014,full-grazed,herbicide,siliceous,low mountain,2,PRJEB9654,2014,504568,4772450,8.9,4.97,1.48,20,4.98,148,0.48,1.19,7.298917,2975,20,2014-06-02,HH1-2.2014,grassland,Spain,PRJEB9654,ERR952507,SAMEA3474098,ERP010785,ERX1031477,ERS785374,91
PRJEB9654_ERR952508,HH1-2.2014,full-grazed,herbicide,siliceous,low mountain,2,PRJEB9654,2014,504568,4772450,8.9,4.97,1.48,20,4.98,148,0.48,1.19,7.298917,2975,20,2014-06-02,HH1-2.2014,grassland,Spain,PRJEB9654,ERR952508,SAMEA3474307,ERP010785,ERX1031478,ERS785583,102
PRJEB9654_ERR952509,HH1-3.2013,full-grazed,herbicide,siliceous,low mountain,3,PRJEB9654,2013,504542,4772421,12.04,6.37,0.77,30,4.59,184,0.6,1.41,5.847399,1962,8,2013-04-15,HH1-3.2013,grassland,Spain,PRJEB9654,ERR952509,SAMEA3474099,ERP010785,ERX1031479,ERS785375,104
PRJEB9654_ERR952510,HH1-3.2013,full-grazed,herbicide,siliceous,low mountain,3,PRJEB9654,2013,504542,4772421,12.04,6.37,0.77,30,4.59,184,0.6,1.41,5.847399,1962,8,2013-04-15,HH1-3.2013,grassland,Spain,PRJEB9654,ERR952510,SAMEA3474308,ERP010785,ERX1031480,ERS785584,104
PRJEB9654_ERR952511,HH1-3.2014,full-grazed,herbicide,siliceous,low mountain,3,PRJEB9654,2014,504542,4772421,9.32,6.37,1.75,20,4.44,151,0.45,1.48,8.850839,2874,15,2014-06-02,HH1-3.2014,grassland,Spain,PRJEB9654,ERR952511,SAMEA3474100,ERP010785,ERX1031481,ERS785376,91
PRJEB9654_ERR952512,HH1-3.2014,full-grazed,herbicide,siliceous,low mountain,3,PRJEB9654,2014,504542,4772421,9.32,6.37,1.75,20,4.44,151,0.45,1.48,8.850839,2874,15,2014-06-02,HH1-3.2014,grassland,Spain,PRJEB9654,ERR952512,SAMEA3474309,ERP010785,ERX1031482,ERS785585,54
PRJEB9654_ERR952513,HH1-4.2013,full-grazed,herbicide,siliceous,low mountain,4,PRJEB9654,2013,504531,4772448,11.11,7.33,0.82,34,4.56,179,0.51,0.91,3.530343,2488,13,2013-04-25,HH1-4.2013,grassland,Spain,PRJEB9654,ERR952513,SAMEA3474101,ERP010785,ERX1031483,ERS785377,115
PRJEB9654_ERR952514,HH1-4.2013,full-grazed,herbicide,siliceous,low mountain,4,PRJEB9654,2013,504531,4772448,11.11,7.33,0.82,34,4.56,179,0.51,0.91,3.530343,2488,13,2013-04-25,HH1-4.2013,grassland,Spain,PRJEB9654,ERR952514,SAMEA3474310,ERP010785,ERX1031484,ERS785586,116
PRJEB9654_ERR952515,HH1-4.2014,full-grazed,herbicide,siliceous,low mountain,4,PRJEB9654,2014,504531,4772448,8.1,7.33,1.74,14,4.56,117,0.36,1.13,6.248282,2553,10,2014-06-02,HH1-4.2014,grassland,Spain,PRJEB9654,ERR952515,SAMEA3474102,ERP010785,ERX1031485,ERS785378,111
PRJEB9654_ERR952516,HH1-4.2014,full-grazed,herbicide,siliceous,low mountain,4,PRJEB9654,2014,504531,4772448,8.1,7.33,1.74,14,4.56,117,0.36,1.13,6.248282,2553,10,2014-06-02,HH1-4.2014,grassland,Spain,PRJEB9654,ERR952516,SAMEA3474311,ERP010785,ERX1031486,ERS785587,54
PRJEB9654_ERR952517,HH2-1.2013,full-grazed,herbicide,calcareous,low mountain,1,PRJEB9654,2013,523712,4764762,11.13,5.31,1.68,23,4.42,184,0.65,2.95,10.581321,1921,4,2013-04-16,HH2-1.2013,grassland,Spain,PRJEB9654,ERR952517,SAMEA3474111,ERP010785,ERX1031487,ERS785387,83
PRJEB9654_ERR952518,HH2-1.2013,full-grazed,herbicide,calcareous,low mountain,1,PRJEB9654,2013,523712,4764762,11.13,5.31,1.68,23,4.42,184,0.65,2.95,10.581321,1921,4,2013-04-16,HH2-1.2013,grassland,Spain,PRJEB9654,ERR952518,SAMEA3474320,ERP010785,ERX1031488,ERS785596,60
PRJEB9654_ERR952519,HH2-1.2014,full-grazed,herbicide,calcareous,low mountain,1,PRJEB9654,2014,523712,4764762,13.8,5.31,1.56,23,4.4,83,0.81,2.26,8.092091,2156,10,2014-05-26,HH2-1.2014,grassland,Spain,PRJEB9654,ERR952519,SAMEA3474112,ERP010785,ERX1031489,ERS785388,67
PRJEB9654_ERR952520,HH2-1.2014,full-grazed,herbicide,calcareous,low mountain,1,PRJEB9654,2014,523712,4764762,13.8,5.31,1.56,23,4.4,83,0.81,2.26,8.092091,2156,10,2014-05-26,HH2-1.2014,grassland,Spain,PRJEB9654,ERR952520,SAMEA3474321,ERP010785,ERX1031490,ERS785597,100
PRJEB9654_ERR952521,HH2-2.2013,full-grazed,herbicide,calcareous,low mountain,2,PRJEB9654,2013,523724,4764788,13.37,6.12,1.11,27,4.28,207,0.7,0.97,4.386424,1914,9,2013-04-16,HH2-2.2013,grassland,Spain,PRJEB9654,ERR952521,SAMEA3474113,ERP010785,ERX1031491,ERS785389,85
PRJEB9654_ERR952522,HH2-2.2013,full-grazed,herbicide,calcareous,low mountain,2,PRJEB9654,2013,523724,4764788,13.37,6.12,1.11,27,4.28,207,0.7,0.97,4.386424,1914,9,2013-04-16,HH2-2.2013,grassland,Spain,PRJEB9654,ERR952522,SAMEA3474322,ERP010785,ERX1031492,ERS785598,67
PRJEB9654_ERR952523,HH2-2.2014,full-grazed,herbicide,calcareous,low mountain,2,PRJEB9654,2014,523724,4764788,15.59,6.12,1.35,32,4.43,239,0.75,2.82,10.368143,3002,10,2014-05-26,HH2-2.2014,grassland,Spain,PRJEB9654,ERR952523,SAMEA3474114,ERP010785,ERX1031493,ERS785390,68
PRJEB9654_ERR952524,HH2-3.2013,full-grazed,herbicide,calcareous,low mountain,3,PRJEB9654,2013,523699,4764768,13.62,5.54,1.87,24,4.32,167,0.81,0.91,3.479131,2051,9,2013-04-16,HH2-3.2013,grassland,Spain,PRJEB9654,ERR952524,SAMEA3474115,ERP010785,ERX1031494,ERS785391,85
PRJEB9654_ERR952525,HH2-3.2013,full-grazed,herbicide,calcareous,low mountain,3,PRJEB9654,2013,523699,4764768,13.62,5.54,1.87,24,4.32,167,0.81,0.91,3.479131,2051,9,2013-04-16,HH2-3.2013,grassland,Spain,PRJEB9654,ERR952525,SAMEA3474324,ERP010785,ERX1031495,ERS785600,74
PRJEB9654_ERR952526,HH2-3.2014,full-grazed,herbicide,calcareous,low mountain,3,PRJEB9654,2014,523699,4764768,15.53,5.54,1.04,25,4.47,174,0.78,2,7.768444,2390,15,2014-05-26,HH2-3.2014,grassland,Spain,PRJEB9654,ERR952526,SAMEA3474116,ERP010785,ERX1031496,ERS785392,74
PRJEB9654_ERR952527,HH2-4.2013,full-grazed,herbicide,calcareous,low mountain,4,PRJEB9654,2013,523685,4764803,13.4,8.28,0.55,37,4.75,189,0.75,1.3,4.937941,2423,9,2013-04-22,HH2-4.2013,grassland,Spain,PRJEB9654,ERR952527,SAMEA3474117,ERP010785,ERX1031497,ERS785393,130
PRJEB9654_ERR952528,HH2-4.2013,full-grazed,herbicide,calcareous,low mountain,4,PRJEB9654,2013,523685,4764803,13.4,8.28,0.55,37,4.75,189,0.75,1.3,4.937941,2423,9,2013-04-22,HH2-4.2013,grassland,Spain,PRJEB9654,ERR952528,SAMEA3474326,ERP010785,ERX1031498,ERS785602,116
PRJEB9654_ERR952529,HH2-4.2014,full-grazed,herbicide,calcareous,low mountain,4,PRJEB9654,2014,523685,4764803,11.54,8.28,1.24,21,4.66,104,0.61,4.23,11.938938,2597,10,2014-05-26,HH2-4.2014,grassland,Spain,PRJEB9654,ERR952529,SAMEA3474118,ERP010785,ERX1031499,ERS785394,90
PRJEB9654_ERR952530,HH2-4.2014,full-grazed,herbicide,calcareous,low mountain,4,PRJEB9654,2014,523685,4764803,11.54,8.28,1.24,21,4.66,104,0.61,4.23,11.938938,2597,10,2014-05-26,HH2-4.2014,grassland,Spain,PRJEB9654,ERR952530,SAMEA3474327,ERP010785,ERX1031500,ERS785603,105
PRJEB9654_ERR952531,HNH1-1.2013,full-grazed,no-herbicide,siliceous,low mountain,1,PRJEB9654,2013,504612,4772482,8.32,4.9,2.21,33,5.15,274,0.47,2.02,4.434692,2759,10,2013-04-15,HNH1-1.2013,grassland,Spain,PRJEB9654,ERR952531,SAMEA3474087,ERP010785,ERX1031501,ERS785363,165
PRJEB9654_ERR952532,HNH1-1.2013,full-grazed,no-herbicide,siliceous,low mountain,1,PRJEB9654,2013,504612,4772482,8.32,4.9,2.21,33,5.15,274,0.47,2.02,4.434692,2759,10,2013-04-15,HNH1-1.2013,grassland,Spain,PRJEB9654,ERR952532,SAMEA3474296,ERP010785,ERX1031502,ERS785572,118
PRJEB9654_ERR952533,HNH1-1.2014,full-grazed,no-herbicide,siliceous,low mountain,1,PRJEB9654,2014,504612,4772482,6,4.9,1.3,22,5.15,217,0.34,1.57,8.464499,2527,10,2014-06-02,HNH1-1.2014,grassland,Spain,PRJEB9654,ERR952533,SAMEA3474088,ERP010785,ERX1031503,ERS785364,103
PRJEB9654_ERR952534,HNH1-1.2014,full-grazed,no-herbicide,siliceous,low mountain,1,PRJEB9654,2014,504612,4772482,6,4.9,1.3,22,5.15,217,0.34,1.57,8.464499,2527,10,2014-06-02,HNH1-1.2014,grassland,Spain,PRJEB9654,ERR952534,SAMEA3474297,ERP010785,ERX1031504,ERS785573,56
PRJEB9654_ERR952535,HNH1-2.2013,full-grazed,no-herbicide,siliceous,low mountain,2,PRJEB9654,2013,504593,4772482,9.92,3.73,1.51,22,5.01,205,0.43,2.09,5.350429,2359,10,2013-04-15,HNH1-2.2013,grassland,Spain,PRJEB9654,ERR952535,SAMEA3474089,ERP010785,ERX1031505,ERS785365,108
PRJEB9654_ERR952536,HNH1-2.2013,full-grazed,no-herbicide,siliceous,low mountain,2,PRJEB9654,2013,504593,4772482,9.92,3.73,1.51,22,5.01,205,0.43,2.09,5.350429,2359,10,2013-04-15,HNH1-2.2013,grassland,Spain,PRJEB9654,ERR952536,SAMEA3474298,ERP010785,ERX1031506,ERS785574,133
PRJEB9654_ERR952537,HNH1-2.2014,full-grazed,no-herbicide,siliceous,low mountain,2,PRJEB9654,2014,504593,4772482,7.97,3.73,1.55,16,4.91,134,0.37,0.89,4.71805,2738,15,2014-06-02,HNH1-2.2014,grassland,Spain,PRJEB9654,ERR952537,SAMEA3474090,ERP010785,ERX1031507,ERS785366,88
PRJEB9654_ERR952538,HNH1-2.2014,full-grazed,no-herbicide,siliceous,low mountain,2,PRJEB9654,2014,504593,4772482,7.97,3.73,1.55,16,4.91,134,0.37,0.89,4.71805,2738,15,2014-06-02,HNH1-2.2014,grassland,Spain,PRJEB9654,ERR952538,SAMEA3474299,ERP010785,ERX1031508,ERS785575,71
PRJEB9654_ERR952539,HNH1-3.2013,full-grazed,no-herbicide,siliceous,low mountain,3,PRJEB9654,2013,504549,4772466,11.65,4.74,1.3,30,4.87,194,0.55,1.32,5.386013,2294,8,2013-04-15,HNH1-3.2013,grassland,Spain,PRJEB9654,ERR952539,SAMEA3474091,ERP010785,ERX1031509,ERS785367,56
PRJEB9654_ERR952540,HNH1-3.2013,full-grazed,no-herbicide,siliceous,low mountain,3,PRJEB9654,2013,504549,4772466,11.65,4.74,1.3,30,4.87,194,0.55,1.32,5.386013,2294,8,2013-04-15,HNH1-3.2013,grassland,Spain,PRJEB9654,ERR952540,SAMEA3474300,ERP010785,ERX1031510,ERS785576,119
PRJEB9654_ERR952541,HNH1-3.2014,full-grazed,no-herbicide,siliceous,low mountain,3,PRJEB9654,2014,504549,4772466,8.53,4.74,1.74,17,4.76,126,0.39,0.75,4.388981,2523,10,2014-06-02,HNH1-3.2014,grassland,Spain,PRJEB9654,ERR952541,SAMEA3474092,ERP010785,ERX1031511,ERS785368,115
PRJEB9654_ERR952542,HNH1-3.2014,full-grazed,no-herbicide,siliceous,low mountain,3,PRJEB9654,2014,504549,4772466,8.53,4.74,1.74,17,4.76,126,0.39,0.75,4.388981,2523,10,2014-06-02,HNH1-3.2014,grassland,Spain,PRJEB9654,ERR952542,SAMEA3474301,ERP010785,ERX1031512,ERS785577,56
PRJEB9654_ERR952543,HNH1-4.2013,full-grazed,no-herbicide,siliceous,low mountain,4,PRJEB9654,2013,504542,4772500,7.81,4.92,0.45,29,4.81,187,0.5,1.26,3.711256,2046,18,2013-04-25,HNH1-4.2013,grassland,Spain,PRJEB9654,ERR952543,SAMEA3474093,ERP010785,ERX1031513,ERS785369,114
PRJEB9654_ERR952544,HNH1-4.2013,full-grazed,no-herbicide,siliceous,low mountain,4,PRJEB9654,2013,504542,4772500,7.81,4.92,0.45,29,4.81,187,0.5,1.26,3.711256,2046,18,2013-04-25,HNH1-4.2013,grassland,Spain,PRJEB9654,ERR952544,SAMEA3474302,ERP010785,ERX1031514,ERS785578,105
PRJEB9654_ERR952545,HNH1-4.2014,full-grazed,no-herbicide,siliceous,low mountain,4,PRJEB9654,2014,504542,4772500,8.15,4.92,1.38,16,4.78,182,0.4,1.71,9.804403,2438,20,2014-06-02,HNH1-4.2014,grassland,Spain,PRJEB9654,ERR952545,SAMEA3474094,ERP010785,ERX1031515,ERS785370,96
PRJEB9654_ERR952546,HNH1-4.2014,full-grazed,no-herbicide,siliceous,low mountain,4,PRJEB9654,2014,504542,4772500,8.15,4.92,1.38,16,4.78,182,0.4,1.71,9.804403,2438,20,2014-06-02,HNH1-4.2014,grassland,Spain,PRJEB9654,ERR952546,SAMEA3474303,ERP010785,ERX1031516,ERS785579,83
PRJEB9654_ERR952547,HNH2-1.2013,full-grazed,no-herbicide,calcareous,low mountain,1,PRJEB9654,2013,523765,4764616,15.23,5.51,1.97,28,4.71,156,0.72,1.5,5.47353,2049,7,2013-04-16,HNH2-1.2013,grassland,Spain,PRJEB9654,ERR952547,SAMEA3474103,ERP010785,ERX1031517,ERS785379,117
PRJEB9654_ERR952548,HNH2-1.2013,full-grazed,no-herbicide,calcareous,low mountain,1,PRJEB9654,2013,523765,4764616,15.23,5.51,1.97,28,4.71,156,0.72,1.5,5.47353,2049,7,2013-04-16,HNH2-1.2013,grassland,Spain,PRJEB9654,ERR952548,SAMEA3474312,ERP010785,ERX1031518,ERS785588,119
PRJEB9654_ERR952549,HNH2-2.2013,full-grazed,no-herbicide,calcareous,low mountain,2,PRJEB9654,2013,523771,4764594,11.03,3.18,1.58,19,4.67,140,0.58,1.51,5.75703,1661,9,2013-04-16,HNH2-2.2013,grassland,Spain,PRJEB9654,ERR952549,SAMEA3474105,ERP010785,ERX1031519,ERS785381,97
PRJEB9654_ERR952550,HNH2-2.2013,full-grazed,no-herbicide,calcareous,low mountain,2,PRJEB9654,2013,523771,4764594,11.03,3.18,1.58,19,4.67,140,0.58,1.51,5.75703,1661,9,2013-04-16,HNH2-2.2013,grassland,Spain,PRJEB9654,ERR952550,SAMEA3474314,ERP010785,ERX1031520,ERS785590,95
PRJEB9654_ERR952551,HNH2-2.2014,full-grazed,no-herbicide,calcareous,low mountain,2,PRJEB9654,2014,523771,4764594,16.32,3.18,1.17,26,4.51,193,0.76,2.92,10.665148,2723,10,2014-05-26,HNH2-2.2014,grassland,Spain,PRJEB9654,ERR952551,SAMEA3474315,ERP010785,ERX1031521,ERS785591,40
PRJEB9654_ERR952552,HNH2-3.2013,full-grazed,no-herbicide,calcareous,low mountain,3,PRJEB9654,2013,523804,4764594,14.46,3.59,1.73,20,4.48,144,0.77,0.65,2.916233,1892,8,2013-04-16,HNH2-3.2013,grassland,Spain,PRJEB9654,ERR952552,SAMEA3474107,ERP010785,ERX1031522,ERS785383,95
PRJEB9654_ERR952553,HNH2-3.2013,full-grazed,no-herbicide,calcareous,low mountain,3,PRJEB9654,2013,523804,4764594,14.46,3.59,1.73,20,4.48,144,0.77,0.65,2.916233,1892,8,2013-04-16,HNH2-3.2013,grassland,Spain,PRJEB9654,ERR952553,SAMEA3474316,ERP010785,ERX1031523,ERS785592,101
PRJEB9654_ERR952554,HNH2-3.2014,full-grazed,no-herbicide,calcareous,low mountain,3,PRJEB9654,2014,523804,4764594,13.8,3.59,1.32,22,4.69,164,0.63,3.11,11.655844,2667,5,2014-05-26,HNH2-3.2014,grassland,Spain,PRJEB9654,ERR952554,SAMEA3474108,ERP010785,ERX1031524,ERS785384,95
PRJEB9654_ERR952555,HNH2-3.2014,full-grazed,no-herbicide,calcareous,low mountain,3,PRJEB9654,2014,523804,4764594,13.8,3.59,1.32,22,4.69,164,0.63,3.11,11.655844,2667,5,2014-05-26,HNH2-3.2014,grassland,Spain,PRJEB9654,ERR952555,SAMEA3474317,ERP010785,ERX1031525,ERS785593,96
PRJEB9654_ERR952556,HNH2-4.2013,full-grazed,no-herbicide,calcareous,low mountain,4,PRJEB9654,2013,523813,4764600,16.89,4.09,0.79,42,4.5,225,0.89,2.2,7.203291,2436,10,2013-04-22,HNH2-4.2013,grassland,Spain,PRJEB9654,ERR952556,SAMEA3474109,ERP010785,ERX1031526,ERS785385,84
PRJEB9654_ERR952557,HNH2-4.2013,full-grazed,no-herbicide,calcareous,low mountain,4,PRJEB9654,2013,523813,4764600,16.89,4.09,0.79,42,4.5,225,0.89,2.2,7.203291,2436,10,2013-04-22,HNH2-4.2013,grassland,Spain,PRJEB9654,ERR952557,SAMEA3474318,ERP010785,ERX1031527,ERS785594,91
PRJEB9654_ERR952558,HNH2-4.2014,full-grazed,no-herbicide,calcareous,low mountain,4,PRJEB9654,2014,523813,4764600,14.42,4.09,1.51,26,4.75,165,0.7,2.99,14.7347,2835,10,2014-05-26,HNH2-4.2014,grassland,Spain,PRJEB9654,ERR952558,SAMEA3474110,ERP010785,ERX1031528,ERS785386,83
PRJEB9654_ERR952559,HNH2-4.2014,full-grazed,no-herbicide,calcareous,low mountain,4,PRJEB9654,2014,523813,4764600,14.42,4.09,1.51,26,4.75,165,0.7,2.99,14.7347,2835,10,2014-05-26,HNH2-4.2014,grassland,Spain,PRJEB9654,ERR952559,SAMEA3474319,ERP010785,ERX1031529,ERS785595,95
PRJEB9654_ERR952560,MDC-1.2013,full-grazed,1-year clearance,siliceous,high mountain,1,PRJEB9654,2013,513531,4766186,19.52,4.98,1.44,30,4.1,122,0.96,2.29,9.297638,1772,7,2013-06-04,MDC-1.2013,grassland,Spain,PRJEB9654,ERR952560,SAMEA3474174,ERP010785,ERX1031530,ERS785450,80
PRJEB9654_ERR952561,MDC-1.2013,full-grazed,1-year clearance,siliceous,high mountain,1,PRJEB9654,2013,513531,4766186,19.52,4.98,1.44,30,4.1,122,0.96,2.29,9.297638,1772,7,2013-06-04,MDC-1.2013,grassland,Spain,PRJEB9654,ERR952561,SAMEA3474383,ERP010785,ERX1031531,ERS785659,75
PRJEB9654_ERR952562,MDC-1.2014,full-grazed,1-year clearance,siliceous,high mountain,1,PRJEB9654,2014,513531,4766186,9.06,4.98,1.48,12,4.67,53,0.45,1.42,5.625853,2205,10,2014-06-20,MDC-1.2014,grassland,Spain,PRJEB9654,ERR952562,SAMEA3474175,ERP010785,ERX1031532,ERS785451,109
PRJEB9654_ERR952563,MDC-1.2014,full-grazed,1-year clearance,siliceous,high mountain,1,PRJEB9654,2014,513531,4766186,9.06,4.98,1.48,12,4.67,53,0.45,1.42,5.625853,2205,10,2014-06-20,MDC-1.2014,grassland,Spain,PRJEB9654,ERR952563,SAMEA3474384,ERP010785,ERX1031533,ERS785660,64
PRJEB9654_ERR952564,MDC-2.2013,full-grazed,1-year clearance,siliceous,high mountain,2,PRJEB9654,2013,513533,4766217,13.73,5.75,1.5,39,4.75,97,0.8,3.38,15.210383,2121,14,2013-06-04,MDC-2.2013,grassland,Spain,PRJEB9654,ERR952564,SAMEA3474176,ERP010785,ERX1031534,ERS785452,128
PRJEB9654_ERR952565,MDC-2.2013,full-grazed,1-year clearance,siliceous,high mountain,2,PRJEB9654,2013,513533,4766217,13.73,5.75,1.5,39,4.75,97,0.8,3.38,15.210383,2121,14,2013-06-04,MDC-2.2013,grassland,Spain,PRJEB9654,ERR952565,SAMEA3474385,ERP010785,ERX1031535,ERS785661,85
PRJEB9654_ERR952566,MDC-2.2014,full-grazed,1-year clearance,siliceous,high mountain,2,PRJEB9654,2014,513533,4766217,9.86,5.75,1.58,10,4.17,56,0.47,1.23,4.293752,1648,10,2014-06-20,MDC-2.2014,grassland,Spain,PRJEB9654,ERR952566,SAMEA3474177,ERP010785,ERX1031536,ERS785453,99
PRJEB9654_ERR952567,MDC-2.2014,full-grazed,1-year clearance,siliceous,high mountain,2,PRJEB9654,2014,513533,4766217,9.86,5.75,1.58,10,4.17,56,0.47,1.23,4.293752,1648,10,2014-06-20,MDC-2.2014,grassland,Spain,PRJEB9654,ERR952567,SAMEA3474386,ERP010785,ERX1031537,ERS785662,74
PRJEB9654_ERR952568,MDC-3.2013,full-grazed,1-year clearance,siliceous,high mountain,3,PRJEB9654,2013,513537,4766246,10.05,4.92,1.18,22,3.97,146,0.43,3.05,12.268561,1807,10,2013-06-04,MDC-3.2013,grassland,Spain,PRJEB9654,ERR952568,SAMEA3474178,ERP010785,ERX1031538,ERS785454,107
PRJEB9654_ERR952569,MDC-3.2013,full-grazed,1-year clearance,siliceous,high mountain,3,PRJEB9654,2013,513537,4766246,10.05,4.92,1.18,22,3.97,146,0.43,3.05,12.268561,1807,10,2013-06-04,MDC-3.2013,grassland,Spain,PRJEB9654,ERR952569,SAMEA3474387,ERP010785,ERX1031539,ERS785663,83
PRJEB9654_ERR952570,MDC-3.2014,full-grazed,1-year clearance,siliceous,high mountain,3,PRJEB9654,2014,513537,4766246,10.73,4.92,1.38,13,4.28,78,0.48,1.74,6.783393,1745,20,2014-06-20,MDC-3.2014,grassland,Spain,PRJEB9654,ERR952570,SAMEA3474179,ERP010785,ERX1031540,ERS785455,99
PRJEB9654_ERR952571,MDC-3.2014,full-grazed,1-year clearance,siliceous,high mountain,3,PRJEB9654,2014,513537,4766246,10.73,4.92,1.38,13,4.28,78,0.48,1.74,6.783393,1745,20,2014-06-20,MDC-3.2014,grassland,Spain,PRJEB9654,ERR952571,SAMEA3474388,ERP010785,ERX1031541,ERS785664,125
PRJEB9654_ERR952572,MDC-4.2013,full-grazed,1-year clearance,siliceous,high mountain,4,PRJEB9654,2013,513556,4766316,6.46,3.63,0.67,19,4.45,120,0.44,3.13,13.562589,1477,22,2013-06-05,MDC-4.2013,grassland,Spain,PRJEB9654,ERR952572,SAMEA3474180,ERP010785,ERX1031542,ERS785456,96
PRJEB9654_ERR952573,MDC-4.2013,full-grazed,1-year clearance,siliceous,high mountain,4,PRJEB9654,2013,513556,4766316,6.46,3.63,0.67,19,4.45,120,0.44,3.13,13.562589,1477,22,2013-06-05,MDC-4.2013,grassland,Spain,PRJEB9654,ERR952573,SAMEA3474389,ERP010785,ERX1031543,ERS785665,77
PRJEB9654_ERR952574,MDC-4.2014,full-grazed,1-year clearance,siliceous,high mountain,4,PRJEB9654,2014,513556,4766316,6.01,3.63,1.28,11,4.56,43,0.31,1.1,10.692082,1562,5,2014-06-20,MDC-4.2014,grassland,Spain,PRJEB9654,ERR952574,SAMEA3474181,ERP010785,ERX1031544,ERS785457,89
PRJEB9654_ERR952575,MDC-4.2014,full-grazed,1-year clearance,siliceous,high mountain,4,PRJEB9654,2014,513556,4766316,6.01,3.63,1.28,11,4.56,43,0.31,1.1,10.692082,1562,5,2014-06-20,MDC-4.2014,grassland,Spain,PRJEB9654,ERR952575,SAMEA3474390,ERP010785,ERX1031545,ERS785666,115
PRJEB9654_ERR952576,MDL-1.2013,full-grazed,3-year clearance,siliceous,high mountain,1,PRJEB9654,2013,511782,4766621,22.3,10.43,0.5,38,4.7,290,0.84,0.66,3.058404,739,40,2013-06-03,MDL-1.2013,grassland,Spain,PRJEB9654,ERR952576,SAMEA3474182,ERP010785,ERX1031546,ERS785458,105
PRJEB9654_ERR952577,MDL-1.2013,full-grazed,3-year clearance,siliceous,high mountain,1,PRJEB9654,2013,511782,4766621,22.3,10.43,0.5,38,4.7,290,0.84,0.66,3.058404,739,40,2013-06-03,MDL-1.2013,grassland,Spain,PRJEB9654,ERR952577,SAMEA3474391,ERP010785,ERX1031547,ERS785667,106
PRJEB9654_ERR952578,MDL-1.2014,full-grazed,3-year clearance,siliceous,high mountain,1,PRJEB9654,2014,511782,4766621,13.56,10.43,1.34,29,4.12,56,0.57,0.08,0.387545,2897,10,2014-06-23,MDL-1.2014,grassland,Spain,PRJEB9654,ERR952578,SAMEA3474183,ERP010785,ERX1031548,ERS785459,42
PRJEB9654_ERR952579,MDL-2.2013,full-grazed,3-year clearance,siliceous,high mountain,2,PRJEB9654,2013,511819,4766612,17.11,11.48,0.26,34,4.05,292,1,0.79,3.550677,1089,20,2013-06-03,MDL-2.2013,grassland,Spain,PRJEB9654,ERR952579,SAMEA3474184,ERP010785,ERX1031549,ERS785460,93
PRJEB9654_ERR952580,MDL-2.2013,full-grazed,3-year clearance,siliceous,high mountain,2,PRJEB9654,2013,511819,4766612,17.11,11.48,0.26,34,4.05,292,1,0.79,3.550677,1089,20,2013-06-03,MDL-2.2013,grassland,Spain,PRJEB9654,ERR952580,SAMEA3474393,ERP010785,ERX1031550,ERS785669,84
PRJEB9654_ERR952581,MDL-2.2014,full-grazed,3-year clearance,siliceous,high mountain,2,PRJEB9654,2014,511819,4766612,10.47,11.48,1.71,13,4.21,44,0.44,0.1,0.524908,1765,25,2014-06-23,MDL-2.2014,grassland,Spain,PRJEB9654,ERR952581,SAMEA3474185,ERP010785,ERX1031551,ERS785461,45
PRJEB9654_ERR952582,MDL-3.2013,full-grazed,3-year clearance,siliceous,high mountain,3,PRJEB9654,2013,511789,4766648,16.25,5.75,0.6,23,4.17,158,0.63,0.85,3.502367,1390,23,2013-06-03,MDL-3.2013,grassland,Spain,PRJEB9654,ERR952582,SAMEA3474186,ERP010785,ERX1031552,ERS785462,85
PRJEB9654_ERR952583,MDL-3.2013,full-grazed,3-year clearance,siliceous,high mountain,3,PRJEB9654,2013,511789,4766648,16.25,5.75,0.6,23,4.17,158,0.63,0.85,3.502367,1390,23,2013-06-03,MDL-3.2013,grassland,Spain,PRJEB9654,ERR952583,SAMEA3474395,ERP010785,ERX1031553,ERS785671,91
PRJEB9654_ERR952584,MDL-3.2014,full-grazed,3-year clearance,siliceous,high mountain,3,PRJEB9654,2014,511789,4766648,11.61,5.75,1.6,15,4.17,55,0.46,0.1,0.441339,2300,15,2014-06-23,MDL-3.2014,grassland,Spain,PRJEB9654,ERR952584,SAMEA3474187,ERP010785,ERX1031554,ERS785463,52
PRJEB9654_ERR952585,MDL-4.2013,full-grazed,3-year clearance,siliceous,high mountain,4,PRJEB9654,2013,511816,4766653,13.17,8.07,0.24,35,4.16,161,0.74,0.88,3.599416,1794,17,2013-06-03,MDL-4.2013,grassland,Spain,PRJEB9654,ERR952585,SAMEA3474188,ERP010785,ERX1031555,ERS785464,97
PRJEB9654_ERR952586,MDL-4.2013,full-grazed,3-year clearance,siliceous,high mountain,4,PRJEB9654,2013,511816,4766653,13.17,8.07,0.24,35,4.16,161,0.74,0.88,3.599416,1794,17,2013-06-03,MDL-4.2013,grassland,Spain,PRJEB9654,ERR952586,SAMEA3474397,ERP010785,ERX1031556,ERS785673,79
PRJEB9654_ERR952587,MDL-4.2014,full-grazed,3-year clearance,siliceous,high mountain,4,PRJEB9654,2014,511816,4766653,14.2,8.07,1.48,16,3.92,95,0.69,0.04,0.169529,2027,15,2014-06-23,MDL-4.2014,grassland,Spain,PRJEB9654,ERR952587,SAMEA3474189,ERP010785,ERX1031557,ERS785465,64
PRJEB9654_ERR952588,MDM-1.2013,full-grazed,5-year clearance,siliceous,high mountain,1,PRJEB9654,2013,514198,4766155,12.91,2.61,1.69,13,3.91,66,0.6,1.6,7.103734,1918,11,2013-06-05,MDM-1.2013,grassland,Spain,PRJEB9654,ERR952588,SAMEA3474190,ERP010785,ERX1031558,ERS785466,130
PRJEB9654_ERR952589,MDM-1.2013,full-grazed,5-year clearance,siliceous,high mountain,1,PRJEB9654,2013,514198,4766155,12.91,2.61,1.69,13,3.91,66,0.6,1.6,7.103734,1918,11,2013-06-05,MDM-1.2013,grassland,Spain,PRJEB9654,ERR952589,SAMEA3474399,ERP010785,ERX1031559,ERS785675,78
PRJEB9654_ERR952590,MDM-1.2014,full-grazed,5-year clearance,siliceous,high mountain,1,PRJEB9654,2014,514198,4766155,8.52,2.61,1.55,7,4.19,41,0.43,0.48,6.023815,1241,15,2014-06-20,MDM-1.2014,grassland,Spain,PRJEB9654,ERR952590,SAMEA3474191,ERP010785,ERX1031560,ERS785467,111
PRJEB9654_ERR952591,MDM-1.2014,full-grazed,5-year clearance,siliceous,high mountain,1,PRJEB9654,2014,514198,4766155,8.52,2.61,1.55,7,4.19,41,0.43,0.48,6.023815,1241,15,2014-06-20,MDM-1.2014,grassland,Spain,PRJEB9654,ERR952591,SAMEA3474400,ERP010785,ERX1031561,ERS785676,70
PRJEB9654_ERR952592,MDM-2.2013,full-grazed,5-year clearance,siliceous,high mountain,2,PRJEB9654,2013,514159,4766135,10.28,2.85,0.63,12,3.93,74,0.55,1.48,5.52973,2270,12,2013-06-05,MDM-2.2013,grassland,Spain,PRJEB9654,ERR952592,SAMEA3474192,ERP010785,ERX1031562,ERS785468,113
PRJEB9654_ERR952593,MDM-2.2013,full-grazed,5-year clearance,siliceous,high mountain,2,PRJEB9654,2013,514159,4766135,10.28,2.85,0.63,12,3.93,74,0.55,1.48,5.52973,2270,12,2013-06-05,MDM-2.2013,grassland,Spain,PRJEB9654,ERR952593,SAMEA3474401,ERP010785,ERX1031563,ERS785677,90
PRJEB9654_ERR952594,MDM-2.2014,full-grazed,5-year clearance,siliceous,high mountain,2,PRJEB9654,2014,514159,4766135,11.26,2.85,1.59,9,3.92,59,0.48,0.5,5.746263,1662,10,2014-06-20,MDM-2.2014,grassland,Spain,PRJEB9654,ERR952594,SAMEA3474193,ERP010785,ERX1031564,ERS785469,49
PRJEB9654_ERR952595,MDM-3.2013,full-grazed,5-year clearance,siliceous,high mountain,3,PRJEB9654,2013,514162,4766103,11.86,2.58,1.24,12,3.96,95,0.44,0.98,2.916369,1701,12,2013-06-05,MDM-3.2013,grassland,Spain,PRJEB9654,ERR952595,SAMEA3474194,ERP010785,ERX1031565,ERS785470,133
PRJEB9654_ERR952596,MDM-3.2013,full-grazed,5-year clearance,siliceous,high mountain,3,PRJEB9654,2013,514162,4766103,11.86,2.58,1.24,12,3.96,95,0.44,0.98,2.916369,1701,12,2013-06-05,MDM-3.2013,grassland,Spain,PRJEB9654,ERR952596,SAMEA3474403,ERP010785,ERX1031566,ERS785679,95
PRJEB9654_ERR952597,MDM-3.2014,full-grazed,5-year clearance,siliceous,high mountain,3,PRJEB9654,2014,514162,4766103,8.14,2.58,1.32,8,4.23,46,0.38,0.5,6.884487,1619,10,2014-06-20,MDM-3.2014,grassland,Spain,PRJEB9654,ERR952597,SAMEA3474195,ERP010785,ERX1031567,ERS785471,86
PRJEB9654_ERR952598,MDM-3.2014,full-grazed,5-year clearance,siliceous,high mountain,3,PRJEB9654,2014,514162,4766103,8.14,2.58,1.32,8,4.23,46,0.38,0.5,6.884487,1619,10,2014-06-20,MDM-3.2014,grassland,Spain,PRJEB9654,ERR952598,SAMEA3474404,ERP010785,ERX1031568,ERS785680,75
PRJEB9654_ERR952599,MDM-4.2013,full-grazed,5-year clearance,siliceous,high mountain,4,PRJEB9654,2013,514190,4766123,10.58,2.92,0.84,13,3.91,81,0.51,1.26,3.514315,1841,9,2013-06-05,MDM-4.2013,grassland,Spain,PRJEB9654,ERR952599,SAMEA3474196,ERP010785,ERX1031569,ERS785472,130
PRJEB9654_ERR952600,MDM-4.2013,full-grazed,5-year clearance,siliceous,high mountain,4,PRJEB9654,2013,514190,4766123,10.58,2.92,0.84,13,3.91,81,0.51,1.26,3.514315,1841,9,2013-06-05,MDM-4.2013,grassland,Spain,PRJEB9654,ERR952600,SAMEA3474405,ERP010785,ERX1031570,ERS785681,99
PRJEB9654_ERR952601,MDM-4.2014,full-grazed,5-year clearance,siliceous,high mountain,4,PRJEB9654,2014,514190,4766123,10.8,2.92,1.61,9,3.99,47,0.51,0.44,4.327684,1785,10,2014-06-20,MDM-4.2014,grassland,Spain,PRJEB9654,ERR952601,SAMEA3474197,ERP010785,ERX1031571,ERS785473,50
PRJEB9654_ERR952602,MNP1-1.2013,full-grazed,no phosphorus,siliceous,high mountain,1,PRJEB9654,2013,511426,4768064,22.53,3.64,2,19,4.1,258,0.9,2.1,4.348,1886,18,2013-07-15,MNP1-1.2013,grassland,Spain,PRJEB9654,ERR952602,SAMEA3474119,ERP010785,ERX1031572,ERS785395,110
PRJEB9654_ERR952603,MNP1-1.2013,full-grazed,no phosphorus,siliceous,high mountain,1,PRJEB9654,2013,511426,4768064,22.53,3.64,2,19,4.1,258,0.9,2.1,4.348,1886,18,2013-07-15,MNP1-1.2013,grassland,Spain,PRJEB9654,ERR952603,SAMEA3474328,ERP010785,ERX1031573,ERS785604,111
PRJEB9654_ERR952604,MNP1-1.2014,full-grazed,no phosphorus,siliceous,high mountain,1,PRJEB9654,2014,511426,4768064,13.55,3.64,0.88,31,3.99,168,0.96,3.25,11.282331,2379,30,2014-10-06,MNP1-1.2014,grassland,Spain,PRJEB9654,ERR952604,SAMEA3474120,ERP010785,ERX1031574,ERS785396,108
PRJEB9654_ERR952605,MNP1-2.2013,full-grazed,no phosphorus,siliceous,high mountain,2,PRJEB9654,2013,510901,4766815,28.11,7.32,1.36,32,3.98,299,0.99,1.66,5.808,2197,15,2013-07-15,MNP1-2.2013,grassland,Spain,PRJEB9654,ERR952605,SAMEA3474121,ERP010785,ERX1031575,ERS785397,63
PRJEB9654_ERR952606,MNP1-2.2013,full-grazed,no phosphorus,siliceous,high mountain,2,PRJEB9654,2013,510901,4766815,28.11,7.32,1.36,32,3.98,299,0.99,1.66,5.808,2197,15,2013-07-15,MNP1-2.2013,grassland,Spain,PRJEB9654,ERR952606,SAMEA3474330,ERP010785,ERX1031576,ERS785606,73
PRJEB9654_ERR952607,MNP1-2.2014,full-grazed,no phosphorus,siliceous,high mountain,2,PRJEB9654,2014,510901,4766815,24.85,7.32,0.62,35,3.9,169,0.98,2.48,8.56583,1976,20,2014-10-06,MNP1-2.2014,grassland,Spain,PRJEB9654,ERR952607,SAMEA3474122,ERP010785,ERX1031577,ERS785398,79
PRJEB9654_ERR952608,MNP1-3.2013,full-grazed,no phosphorus,siliceous,high mountain,3,PRJEB9654,2013,511430,4766918,21.3,4.17,1.97,27,4.36,168,0.85,0.95,3.792,1913,20,2013-07-15,MNP1-3.2013,grassland,Spain,PRJEB9654,ERR952608,SAMEA3474123,ERP010785,ERX1031578,ERS785399,71
PRJEB9654_ERR952609,MNP1-3.2013,full-grazed,no phosphorus,siliceous,high mountain,3,PRJEB9654,2013,511430,4766918,21.3,4.17,1.97,27,4.36,168,0.85,0.95,3.792,1913,20,2013-07-15,MNP1-3.2013,grassland,Spain,PRJEB9654,ERR952609,SAMEA3474332,ERP010785,ERX1031579,ERS785608,93
PRJEB9654_ERR952610,MNP1-3.2014,full-grazed,no phosphorus,siliceous,high mountain,3,PRJEB9654,2014,511430,4766918,19.34,4.17,0.63,29,4.29,135,0.8,2.39,8.326281,2090,23,2014-10-06,MNP1-3.2014,grassland,Spain,PRJEB9654,ERR952610,SAMEA3474124,ERP010785,ERX1031580,ERS785400,105
PRJEB9654_ERR952611,MNP1-4.2013,full-grazed,no phosphorus,siliceous,high mountain,4,PRJEB9654,2013,511581,4766918,16.84,3.37,1.03,21,4.13,192,0.87,1.07,3.752,1639,23,2013-07-15,MNP1-4.2013,grassland,Spain,PRJEB9654,ERR952611,SAMEA3474125,ERP010785,ERX1031581,ERS785401,73
PRJEB9654_ERR952612,MNP1-4.2013,full-grazed,no phosphorus,siliceous,high mountain,4,PRJEB9654,2013,511581,4766918,16.84,3.37,1.03,21,4.13,192,0.87,1.07,3.752,1639,23,2013-07-15,MNP1-4.2013,grassland,Spain,PRJEB9654,ERR952612,SAMEA3474334,ERP010785,ERX1031582,ERS785610,116
PRJEB9654_ERR952613,MNP1-4.2014,full-grazed,no phosphorus,siliceous,high mountain,4,PRJEB9654,2014,511581,4766918,22.92,3.37,0.8,31,4.25,113,0.91,2.48,8.573374,1708,40,2014-10-06,MNP1-4.2014,grassland,Spain,PRJEB9654,ERR952613,SAMEA3474126,ERP010785,ERX1031583,ERS785402,146
PRJEB9654_ERR952614,MNP1-5.2013,full-grazed,no phosphorus,siliceous,high mountain,5,PRJEB9654,2013,511426,4768064,27.25,8.07,2.01,22,3.77,226,0.92,2.1,4.348,1886,17,2013-05-13,MNP1-5.2013,grassland,Spain,PRJEB9654,ERR952614,SAMEA3474127,ERP010785,ERX1031584,ERS785403,108
PRJEB9654_ERR952615,MNP1-5.2013,full-grazed,no phosphorus,siliceous,high mountain,5,PRJEB9654,2013,511426,4768064,27.25,8.07,2.01,22,3.77,226,0.92,2.1,4.348,1886,17,2013-05-13,MNP1-5.2013,grassland,Spain,PRJEB9654,ERR952615,SAMEA3474336,ERP010785,ERX1031585,ERS785612,107
PRJEB9654_ERR952616,MNP1-6.2013,full-grazed,no phosphorus,siliceous,high mountain,6,PRJEB9654,2013,510909,4766822,29.53,8.64,1.81,32,3.96,190,1.02,1.66,5.808,2197,15,2013-05-13,MNP1-6.2013,grassland,Spain,PRJEB9654,ERR952616,SAMEA3474128,ERP010785,ERX1031586,ERS785404,97
PRJEB9654_ERR952617,MNP1-6.2013,full-grazed,no phosphorus,siliceous,high mountain,6,PRJEB9654,2013,510909,4766822,29.53,8.64,1.81,32,3.96,190,1.02,1.66,5.808,2197,15,2013-05-13,MNP1-6.2013,grassland,Spain,PRJEB9654,ERR952617,SAMEA3474337,ERP010785,ERX1031587,ERS785613,103
PRJEB9654_ERR952618,MNP1-7.2013,full-grazed,no phosphorus,siliceous,high mountain,7,PRJEB9654,2013,511440,4766933,27.58,8.45,1.02,40,4.15,161,1,0.95,3.792,1913,20,2013-05-13,MNP1-7.2013,grassland,Spain,PRJEB9654,ERR952618,SAMEA3474129,ERP010785,ERX1031588,ERS785405,99
PRJEB9654_ERR952619,MNP1-7.2013,full-grazed,no phosphorus,siliceous,high mountain,7,PRJEB9654,2013,511440,4766933,27.58,8.45,1.02,40,4.15,161,1,0.95,3.792,1913,20,2013-05-13,MNP1-7.2013,grassland,Spain,PRJEB9654,ERR952619,SAMEA3474338,ERP010785,ERX1031589,ERS785614,91
PRJEB9654_ERR952620,MNP1-8.2013,full-grazed,no phosphorus,siliceous,high mountain,8,PRJEB9654,2013,511585,4766931,24.87,6.84,1.03,30,4.04,136,1,1.07,3.752,1639,23,2013-05-13,MNP1-8.2013,grassland,Spain,PRJEB9654,ERR952620,SAMEA3474130,ERP010785,ERX1031590,ERS785406,91
PRJEB9654_ERR952621,MNP1-8.2013,full-grazed,no phosphorus,siliceous,high mountain,8,PRJEB9654,2013,511585,4766931,24.87,6.84,1.03,30,4.04,136,1,1.07,3.752,1639,23,2013-05-13,MNP1-8.2013,grassland,Spain,PRJEB9654,ERR952621,SAMEA3474339,ERP010785,ERX1031591,ERS785615,74
PRJEB9654_ERR952622,MNP2-1.2013,full-grazed,no phosphorus,calcareous,high mountain,1,PRJEB9654,2013,519740,4765909,11.97,3.96,1.32,29,4.75,215,0.73,3.41,7.779551,2535,10,2013-08-29,MNP2-1.2013,grassland,Spain,PRJEB9654,ERR952622,SAMEA3474139,ERP010785,ERX1031592,ERS785415,125
PRJEB9654_ERR952623,MNP2-1.2013,full-grazed,no phosphorus,calcareous,high mountain,1,PRJEB9654,2013,519740,4765909,11.97,3.96,1.32,29,4.75,215,0.73,3.41,7.779551,2535,10,2013-08-29,MNP2-1.2013,grassland,Spain,PRJEB9654,ERR952623,SAMEA3474348,ERP010785,ERX1031593,ERS785624,107
PRJEB9654_ERR952624,MNP2-1.2014,full-grazed,no phosphorus,calcareous,high mountain,1,PRJEB9654,2014,519740,4765909,9.89,3.96,1.15,21,4.99,111,0.61,3.35,10.122604,2162,5,2014-09-17,MNP2-1.2014,grassland,Spain,PRJEB9654,ERR952624,SAMEA3474140,ERP010785,ERX1031594,ERS785416,60
PRJEB9654_ERR952625,MNP2-2.2013,full-grazed,no phosphorus,calcareous,high mountain,2,PRJEB9654,2013,519726,4765906,9.27,2.1,1.24,19,4.73,235,0.71,2.09,4.884445,3080,6,2013-08-29,MNP2-2.2013,grassland,Spain,PRJEB9654,ERR952625,SAMEA3474141,ERP010785,ERX1031595,ERS785417,103
PRJEB9654_ERR952626,MNP2-2.2013,full-grazed,no phosphorus,calcareous,high mountain,2,PRJEB9654,2013,519726,4765906,9.27,2.1,1.24,19,4.73,235,0.71,2.09,4.884445,3080,6,2013-08-29,MNP2-2.2013,grassland,Spain,PRJEB9654,ERR952626,SAMEA3474350,ERP010785,ERX1031596,ERS785626,90
PRJEB9654_ERR952627,MNP2-2.2014,full-grazed,no phosphorus,calcareous,high mountain,2,PRJEB9654,2014,519726,4765906,9.61,2.1,1.03,17,4.75,187,0.55,3.86,12.661141,2605,5,2014-09-17,MNP2-2.2014,grassland,Spain,PRJEB9654,ERR952627,SAMEA3474142,ERP010785,ERX1031597,ERS785418,61
PRJEB9654_ERR952628,MNP2-3.2013,full-grazed,no phosphorus,calcareous,high mountain,3,PRJEB9654,2013,519709,4765918,8.43,2.07,1.45,20,4.89,103,0.5,2.06,5.355169,2286,6,2013-08-29,MNP2-3.2013,grassland,Spain,PRJEB9654,ERR952628,SAMEA3474143,ERP010785,ERX1031598,ERS785419,111
PRJEB9654_ERR952629,MNP2-3.2013,full-grazed,no phosphorus,calcareous,high mountain,3,PRJEB9654,2013,519709,4765918,8.43,2.07,1.45,20,4.89,103,0.5,2.06,5.355169,2286,6,2013-08-29,MNP2-3.2013,grassland,Spain,PRJEB9654,ERR952629,SAMEA3474352,ERP010785,ERX1031599,ERS785628,106
PRJEB9654_ERR952630,MNP2-3.2014,full-grazed,no phosphorus,calcareous,high mountain,3,PRJEB9654,2014,519709,4765918,8.12,2.07,1.2,17,4.89,50,0.44,1.95,6.051946,3094,5,2014-09-17,MNP2-3.2014,grassland,Spain,PRJEB9654,ERR952630,SAMEA3474144,ERP010785,ERX1031600,ERS785420,55
PRJEB9654_ERR952631,MNP2-4.2013,full-grazed,no phosphorus,calcareous,high mountain,4,PRJEB9654,2013,519702,4765900,6.75,1.99,1.01,18,4.93,171,0.45,0.98,2.446068,2948,7,2013-08-29,MNP2-4.2013,grassland,Spain,PRJEB9654,ERR952631,SAMEA3474145,ERP010785,ERX1031601,ERS785421,112
PRJEB9654_ERR952632,MNP2-4.2013,full-grazed,no phosphorus,calcareous,high mountain,4,PRJEB9654,2013,519702,4765900,6.75,1.99,1.01,18,4.93,171,0.45,0.98,2.446068,2948,7,2013-08-29,MNP2-4.2013,grassland,Spain,PRJEB9654,ERR952632,SAMEA3474354,ERP010785,ERX1031602,ERS785630,109
PRJEB9654_ERR952633,MNP2-4.2014,full-grazed,no phosphorus,calcareous,high mountain,4,PRJEB9654,2014,519702,4765900,6.9,1.99,1.51,27,4.76,78,0.48,2.74,9.163718,3554,15,2014-09-17,MNP2-4.2014,grassland,Spain,PRJEB9654,ERR952633,SAMEA3474146,ERP010785,ERX1031603,ERS785422,48
PRJEB9654_ERR952634,MNP3-1.2013,full-grazed,no phosphorus,siliceous,high mountain,1,PRJEB9654,2013,512260,4766768,16.13,5.88,0.71,29,3.92,186,0.9,1.48,6.432,1646,14,2013-05-06,MNP3-1.2013,grassland,Spain,PRJEB9654,ERR952634,SAMEA3474159,ERP010785,ERX1031604,ERS785435,99
PRJEB9654_ERR952635,MNP3-1.2013,full-grazed,no phosphorus,siliceous,high mountain,1,PRJEB9654,2013,512260,4766768,16.13,5.88,0.71,29,3.92,186,0.9,1.48,6.432,1646,14,2013-05-06,MNP3-1.2013,grassland,Spain,PRJEB9654,ERR952635,SAMEA3474368,ERP010785,ERX1031605,ERS785644,104
PRJEB9654_ERR952636,MNP3-1.2014,full-grazed,no phosphorus,siliceous,high mountain,1,PRJEB9654,2014,512260,4766768,16.21,5.88,1.52,33,4.12,110,0.63,2.37,7.115685,2234,15,2014-09-03,MNP3-1.2014,grassland,Spain,PRJEB9654,ERR952636,SAMEA3474160,ERP010785,ERX1031606,ERS785436,101
PRJEB9654_ERR952637,MNP3-2.2013,full-grazed,no phosphorus,siliceous,high mountain,2,PRJEB9654,2013,512270,4766759,12.56,6.5,0.91,33,4.1,202,0.78,0.87,3.328,1724,17,2013-05-06,MNP3-2.2013,grassland,Spain,PRJEB9654,ERR952637,SAMEA3474161,ERP010785,ERX1031607,ERS785437,84
PRJEB9654_ERR952638,MNP3-2.2013,full-grazed,no phosphorus,siliceous,high mountain,2,PRJEB9654,2013,512270,4766759,12.56,6.5,0.91,33,4.1,202,0.78,0.87,3.328,1724,17,2013-05-06,MNP3-2.2013,grassland,Spain,PRJEB9654,ERR952638,SAMEA3474370,ERP010785,ERX1031608,ERS785646,96
PRJEB9654_ERR952639,MNP3-2.2014,full-grazed,no phosphorus,siliceous,high mountain,2,PRJEB9654,2014,512270,4766759,18.71,6.5,1.48,32,4.45,105,0.75,1.1,4.03833,1692,15,2014-09-03,MNP3-2.2014,grassland,Spain,PRJEB9654,ERR952639,SAMEA3474162,ERP010785,ERX1031609,ERS785438,104
PRJEB9654_ERR952640,MNP3-3.2013,full-grazed,no phosphorus,siliceous,high mountain,3,PRJEB9654,2013,512114,4766810,11.87,9.65,0.85,36,4.05,128,0.57,0.58,2.196,2140,25,2013-05-06,MNP3-3.2013,grassland,Spain,PRJEB9654,ERR952640,SAMEA3474163,ERP010785,ERX1031610,ERS785439,112
PRJEB9654_ERR952641,MNP3-3.2013,full-grazed,no phosphorus,siliceous,high mountain,3,PRJEB9654,2013,512114,4766810,11.87,9.65,0.85,36,4.05,128,0.57,0.58,2.196,2140,25,2013-05-06,MNP3-3.2013,grassland,Spain,PRJEB9654,ERR952641,SAMEA3474372,ERP010785,ERX1031611,ERS785648,121
PRJEB9654_ERR952642,MNP3-3.2014,full-grazed,no phosphorus,siliceous,high mountain,3,PRJEB9654,2014,512114,4766810,16.1,9.65,1.44,19,4.03,93,0.44,1.99,5.799044,2093,15,2014-09-03,MNP3-3.2014,grassland,Spain,PRJEB9654,ERR952642,SAMEA3474164,ERP010785,ERX1031612,ERS785440,113
PRJEB9654_ERR952643,MNP3-3.2014,full-grazed,no phosphorus,siliceous,high mountain,3,PRJEB9654,2014,512114,4766810,16.1,9.65,1.44,19,4.03,93,0.44,1.99,5.799044,2093,15,2014-09-03,MNP3-3.2014,grassland,Spain,PRJEB9654,ERR952643,SAMEA3474373,ERP010785,ERX1031613,ERS785649,97
PRJEB9654_ERR952644,MNP3-4.2014,full-grazed,no phosphorus,siliceous,high mountain,4,PRJEB9654,2014,512087,4766811,16.18,3.97,1.9,22,4.14,93,0.6,1.84,6.872884,1838,15,2014-09-03,MNP3-4.2014,grassland,Spain,PRJEB9654,ERR952644,SAMEA3474165,ERP010785,ERX1031614,ERS785441,101
PRJEB9654_ERR952645,MNP3-4.2014,full-grazed,no phosphorus,siliceous,high mountain,4,PRJEB9654,2014,512087,4766811,16.18,3.97,1.9,22,4.14,93,0.6,1.84,6.872884,1838,15,2014-09-03,MNP3-4.2014,grassland,Spain,PRJEB9654,ERR952645,SAMEA3474374,ERP010785,ERX1031615,ERS785650,88
PRJEB9654_ERR952646,MP1-1.2013,full-grazed,phosphorus,siliceous,high mountain,1,PRJEB9654,2013,511475,4766900,31.02,7.91,1.38,28,4.06,224,1.1,1.34,4.872,2265,10,2013-05-13,MP1-1.2013,grassland,Spain,PRJEB9654,ERR952646,SAMEA3474131,ERP010785,ERX1031616,ERS785407,104
PRJEB9654_ERR952647,MP1-1.2013,full-grazed,phosphorus,siliceous,high mountain,1,PRJEB9654,2013,511475,4766900,31.02,7.91,1.38,28,4.06,224,1.1,1.34,4.872,2265,10,2013-05-13,MP1-1.2013,grassland,Spain,PRJEB9654,ERR952647,SAMEA3474340,ERP010785,ERX1031617,ERS785616,97
PRJEB9654_ERR952648,MP1-1.2014,full-grazed,phosphorus,siliceous,high mountain,1,PRJEB9654,2014,511475,4766900,26.98,7.91,0.71,30,3.99,177,1.2,1.1,5.470783,2180,15,2014-10-06,MP1-1.2014,grassland,Spain,PRJEB9654,ERR952648,SAMEA3474132,ERP010785,ERX1031618,ERS785408,123
PRJEB9654_ERR952649,MP1-2.2013,full-grazed,phosphorus,siliceous,high mountain,2,PRJEB9654,2013,511523,4766891,37.89,10.21,1.48,39,4.04,297,1.35,1.48,4.848,2152,18,2013-05-13,MP1-2.2013,grassland,Spain,PRJEB9654,ERR952649,SAMEA3474133,ERP010785,ERX1031619,ERS785409,109
PRJEB9654_ERR952650,MP1-2.2013,full-grazed,phosphorus,siliceous,high mountain,2,PRJEB9654,2013,511523,4766891,37.89,10.21,1.48,39,4.04,297,1.35,1.48,4.848,2152,18,2013-05-13,MP1-2.2013,grassland,Spain,PRJEB9654,ERR952650,SAMEA3474342,ERP010785,ERX1031620,ERS785618,109
PRJEB9654_ERR952651,MP1-2.2014,full-grazed,phosphorus,siliceous,high mountain,2,PRJEB9654,2014,511523,4766891,30.79,10.21,0.79,38,4.03,280,1.34,2.18,8.070044,2201,20,2014-10-06,MP1-2.2014,grassland,Spain,PRJEB9654,ERR952651,SAMEA3474134,ERP010785,ERX1031621,ERS785410,88
PRJEB9654_ERR952652,MP1-3.2013,full-grazed,phosphorus,siliceous,high mountain,3,PRJEB9654,2013,511495,4766909,44.62,11.21,1.18,44,3.8,296,1.52,1.3,4.192,1375,14,2013-05-13,MP1-3.2013,grassland,Spain,PRJEB9654,ERR952652,SAMEA3474135,ERP010785,ERX1031622,ERS785411,81
PRJEB9654_ERR952653,MP1-3.2013,full-grazed,phosphorus,siliceous,high mountain,3,PRJEB9654,2013,511495,4766909,44.62,11.21,1.18,44,3.8,296,1.52,1.3,4.192,1375,14,2013-05-13,MP1-3.2013,grassland,Spain,PRJEB9654,ERR952653,SAMEA3474344,ERP010785,ERX1031623,ERS785620,98
PRJEB9654_ERR952654,MP1-3.2014,full-grazed,phosphorus,siliceous,high mountain,3,PRJEB9654,2014,511495,4766909,30.12,11.21,0.64,37,3.9,189,0.77,2,7.770151,2108,15,2014-10-06,MP1-3.2014,grassland,Spain,PRJEB9654,ERR952654,SAMEA3474136,ERP010785,ERX1031624,ERS785412,91
PRJEB9654_ERR952655,MP1-4.2013,full-grazed,phosphorus,siliceous,high mountain,4,PRJEB9654,2013,511544,4766875,34.5,7.66,0.85,37,4.09,228,1.13,1.13,3.716,2032,25,2013-05-13,MP1-4.2013,grassland,Spain,PRJEB9654,ERR952655,SAMEA3474137,ERP010785,ERX1031625,ERS785413,112
PRJEB9654_ERR952656,MP1-4.2013,full-grazed,phosphorus,siliceous,high mountain,4,PRJEB9654,2013,511544,4766875,34.5,7.66,0.85,37,4.09,228,1.13,1.13,3.716,2032,25,2013-05-13,MP1-4.2013,grassland,Spain,PRJEB9654,ERR952656,SAMEA3474346,ERP010785,ERX1031626,ERS785622,122
PRJEB9654_ERR952657,MP1-4.2014,full-grazed,phosphorus,siliceous,high mountain,4,PRJEB9654,2014,511544,4766875,31.74,7.66,0.56,34,3.94,312,1.22,2.86,11.605006,2396,15,2014-10-06,MP1-4.2014,grassland,Spain,PRJEB9654,ERR952657,SAMEA3474138,ERP010785,ERX1031627,ERS785414,92
PRJEB9654_ERR952658,MP2-1.2013,full-grazed,phosphorus,calcareous,high mountain,1,PRJEB9654,2013,519676,4765992,6.9,1.7,1.15,21,4.77,133,0.55,1.41,3.915333,2846,10,2013-08-29,MP2-1.2013,grassland,Spain,PRJEB9654,ERR952658,SAMEA3474151,ERP010785,ERX1031628,ERS785427,104
PRJEB9654_ERR952659,MP2-1.2013,full-grazed,phosphorus,calcareous,high mountain,1,PRJEB9654,2013,519676,4765992,6.9,1.7,1.15,21,4.77,133,0.55,1.41,3.915333,2846,10,2013-08-29,MP2-1.2013,grassland,Spain,PRJEB9654,ERR952659,SAMEA3474360,ERP010785,ERX1031629,ERS785636,118
PRJEB9654_ERR952660,MP2-1.2014,full-grazed,phosphorus,calcareous,high mountain,1,PRJEB9654,2014,519676,4765992,6.06,1.7,1.15,16,5.3,45,0.45,1.93,7.297276,2623,20,2014-10-02,MP2-1.2014,grassland,Spain,PRJEB9654,ERR952660,SAMEA3474152,ERP010785,ERX1031630,ERS785428,89
PRJEB9654_ERR952661,MP2-1.2014,full-grazed,phosphorus,calcareous,high mountain,1,PRJEB9654,2014,519676,4765992,6.06,1.7,1.15,16,5.3,45,0.45,1.93,7.297276,2623,20,2014-10-02,MP2-1.2014,grassland,Spain,PRJEB9654,ERR952661,SAMEA3474361,ERP010785,ERX1031631,ERS785637,98
PRJEB9654_ERR952662,MP2-2.2013,full-grazed,phosphorus,calcareous,high mountain,2,PRJEB9654,2013,519665,4766018,7.29,2.22,1.92,20,4.65,149,0.53,1.21,3.087193,2306,9,2013-08-29,MP2-2.2013,grassland,Spain,PRJEB9654,ERR952662,SAMEA3474153,ERP010785,ERX1031632,ERS785429,101
PRJEB9654_ERR952663,MP2-2.2013,full-grazed,phosphorus,calcareous,high mountain,2,PRJEB9654,2013,519665,4766018,7.29,2.22,1.92,20,4.65,149,0.53,1.21,3.087193,2306,9,2013-08-29,MP2-2.2013,grassland,Spain,PRJEB9654,ERR952663,SAMEA3474362,ERP010785,ERX1031633,ERS785638,111
PRJEB9654_ERR952664,MP2-2.2014,full-grazed,phosphorus,calcareous,high mountain,2,PRJEB9654,2014,519665,4766018,7.2,2.22,1.92,13,4.77,74,0.45,4.12,13.955737,2670,20,2014-10-02,MP2-2.2014,grassland,Spain,PRJEB9654,ERR952664,SAMEA3474154,ERP010785,ERX1031634,ERS785430,26
PRJEB9654_ERR952665,MP2-2.2014,full-grazed,phosphorus,calcareous,high mountain,2,PRJEB9654,2014,519665,4766018,7.2,2.22,1.92,13,4.77,74,0.45,4.12,13.955737,2670,20,2014-10-02,MP2-2.2014,grassland,Spain,PRJEB9654,ERR952665,SAMEA3474363,ERP010785,ERX1031635,ERS785639,93
PRJEB9654_ERR952666,MP2-3.2013,full-grazed,phosphorus,calcareous,high mountain,3,PRJEB9654,2013,519684,4766026,11.36,2.52,1.17,20,4.48,128,0.68,2.38,6.172176,3903,11,2013-08-29,MP2-3.2013,grassland,Spain,PRJEB9654,ERR952666,SAMEA3474155,ERP010785,ERX1031636,ERS785431,70
PRJEB9654_ERR952667,MP2-3.2013,full-grazed,phosphorus,calcareous,high mountain,3,PRJEB9654,2013,519684,4766026,11.36,2.52,1.17,20,4.48,128,0.68,2.38,6.172176,3903,11,2013-08-29,MP2-3.2013,grassland,Spain,PRJEB9654,ERR952667,SAMEA3474364,ERP010785,ERX1031637,ERS785640,108
PRJEB9654_ERR952668,MP2-3.2014,full-grazed,phosphorus,calcareous,high mountain,3,PRJEB9654,2014,519684,4766026,9.5,2.52,1.17,14,4.63,96,0.52,3.21,10.33831,3152,15,2014-10-02,MP2-3.2014,grassland,Spain,PRJEB9654,ERR952668,SAMEA3474156,ERP010785,ERX1031638,ERS785432,90
PRJEB9654_ERR952669,MP2-3.2014,full-grazed,phosphorus,calcareous,high mountain,3,PRJEB9654,2014,519684,4766026,9.5,2.52,1.17,14,4.63,96,0.52,3.21,10.33831,3152,15,2014-10-02,MP2-3.2014,grassland,Spain,PRJEB9654,ERR952669,SAMEA3474365,ERP010785,ERX1031639,ERS785641,87
PRJEB9654_ERR952670,MP2-4.2013,full-grazed,phosphorus,calcareous,high mountain,4,PRJEB9654,2013,519698,4766018,7.27,1.98,0.8,16,4.58,110,0.5,0.79,2.026924,2761,7,2013-08-29,MP2-4.2013,grassland,Spain,PRJEB9654,ERR952670,SAMEA3474157,ERP010785,ERX1031640,ERS785433,88
PRJEB9654_ERR952671,MP2-4.2013,full-grazed,phosphorus,calcareous,high mountain,4,PRJEB9654,2013,519698,4766018,7.27,1.98,0.8,16,4.58,110,0.5,0.79,2.026924,2761,7,2013-08-29,MP2-4.2013,grassland,Spain,PRJEB9654,ERR952671,SAMEA3474366,ERP010785,ERX1031641,ERS785642,108
PRJEB9654_ERR952672,MP2-4.2014,full-grazed,phosphorus,calcareous,high mountain,4,PRJEB9654,2014,519698,4766018,7.69,1.98,0.8,18,4.76,66,0.47,1.62,6.556471,3225,10,2014-10-02,MP2-4.2014,grassland,Spain,PRJEB9654,ERR952672,SAMEA3474158,ERP010785,ERX1031642,ERS785434,34
PRJEB9654_ERR952673,MP2-4.2014,full-grazed,phosphorus,calcareous,high mountain,4,PRJEB9654,2014,519698,4766018,7.69,1.98,0.8,18,4.76,66,0.47,1.62,6.556471,3225,10,2014-10-02,MP2-4.2014,grassland,Spain,PRJEB9654,ERR952673,SAMEA3474367,ERP010785,ERX1031643,ERS785643,71
PRJEB9654_ERR952674,MP3-1.2013,full-grazed,phosphorus,siliceous,high mountain,1,PRJEB9654,2013,512216,4766780,10.07,5.71,0.43,26,3.87,138,0.57,1.18,4.824,1591,15,2013-05-06,MP3-1.2013,grassland,Spain,PRJEB9654,ERR952674,SAMEA3474166,ERP010785,ERX1031644,ERS785442,72
PRJEB9654_ERR952675,MP3-1.2013,full-grazed,phosphorus,siliceous,high mountain,1,PRJEB9654,2013,512216,4766780,10.07,5.71,0.43,26,3.87,138,0.57,1.18,4.824,1591,15,2013-05-06,MP3-1.2013,grassland,Spain,PRJEB9654,ERR952675,SAMEA3474375,ERP010785,ERX1031645,ERS785651,129
PRJEB9654_ERR952676,MP3-1.2014,full-grazed,phosphorus,siliceous,high mountain,1,PRJEB9654,2014,512216,4766780,11.29,5.71,1.49,26,4.24,76,0.37,0.89,5.367294,2021,15,2014-09-03,MP3-1.2014,grassland,Spain,PRJEB9654,ERR952676,SAMEA3474167,ERP010785,ERX1031646,ERS785443,112
PRJEB9654_ERR952677,MP3-2.2013,full-grazed,phosphorus,siliceous,high mountain,2,PRJEB9654,2013,512224,4766790,17.37,6.06,1,28,3.73,135,0.54,2.18,6.524,2007,15,2013-05-06,MP3-2.2013,grassland,Spain,PRJEB9654,ERR952677,SAMEA3474168,ERP010785,ERX1031647,ERS785444,79
PRJEB9654_ERR952678,MP3-2.2013,full-grazed,phosphorus,siliceous,high mountain,2,PRJEB9654,2013,512224,4766790,17.37,6.06,1,28,3.73,135,0.54,2.18,6.524,2007,15,2013-05-06,MP3-2.2013,grassland,Spain,PRJEB9654,ERR952678,SAMEA3474377,ERP010785,ERX1031648,ERS785653,85
PRJEB9654_ERR952679,MP3-2.2014,full-grazed,phosphorus,siliceous,high mountain,2,PRJEB9654,2014,512224,4766790,14.59,6.06,1.72,24,4.07,90,0.44,1.42,7.892737,1920,10,2014-09-03,MP3-2.2014,grassland,Spain,PRJEB9654,ERR952679,SAMEA3474169,ERP010785,ERX1031649,ERS785445,89
PRJEB9654_ERR952680,MP3-3.2013,full-grazed,phosphorus,siliceous,high mountain,3,PRJEB9654,2013,512185,4766791,14.68,8.28,1.06,33,3.95,133,0.8,1.82,4.792,2774,13,2013-05-06,MP3-3.2013,grassland,Spain,PRJEB9654,ERR952680,SAMEA3474170,ERP010785,ERX1031650,ERS785446,86
PRJEB9654_ERR952681,MP3-3.2013,full-grazed,phosphorus,siliceous,high mountain,3,PRJEB9654,2013,512185,4766791,14.68,8.28,1.06,33,3.95,133,0.8,1.82,4.792,2774,13,2013-05-06,MP3-3.2013,grassland,Spain,PRJEB9654,ERR952681,SAMEA3474379,ERP010785,ERX1031651,ERS785655,100
PRJEB9654_ERR952682,MP3-3.2014,full-grazed,phosphorus,siliceous,high mountain,3,PRJEB9654,2014,512185,4766791,15.41,8.28,2.06,27,4.08,81,0.54,1.32,6.878033,2105,15,2014-09-03,MP3-3.2014,grassland,Spain,PRJEB9654,ERR952682,SAMEA3474171,ERP010785,ERX1031652,ERS785447,106
PRJEB9654_ERR952683,MP3-3.2014,full-grazed,phosphorus,siliceous,high mountain,3,PRJEB9654,2014,512185,4766791,15.41,8.28,2.06,27,4.08,81,0.54,1.32,6.878033,2105,15,2014-09-03,MP3-3.2014,grassland,Spain,PRJEB9654,ERR952683,SAMEA3474380,ERP010785,ERX1031653,ERS785656,133
PRJEB9654_ERR952684,MP3-4.2013,full-grazed,phosphorus,siliceous,high mountain,4,PRJEB9654,2013,512166,4766808,18.1,12.72,0.69,62,3.86,213,0.76,1.75,4.536,1761,11,2013-05-06,MP3-4.2013,grassland,Spain,PRJEB9654,ERR952684,SAMEA3474172,ERP010785,ERX1031654,ERS785448,103
PRJEB9654_ERR952685,MP3-4.2013,full-grazed,phosphorus,siliceous,high mountain,4,PRJEB9654,2013,512166,4766808,18.1,12.72,0.69,62,3.86,213,0.76,1.75,4.536,1761,11,2013-05-06,MP3-4.2013,grassland,Spain,PRJEB9654,ERR952685,SAMEA3474381,ERP010785,ERX1031655,ERS785657,111
PRJEB9654_ERR952686,MP3-4.2014,full-grazed,phosphorus,siliceous,high mountain,4,PRJEB9654,2014,512166,4766808,15.09,12.72,1.7,27,4.18,71,0.61,1.09,6.357735,2043,10,2014-09-03,MP3-4.2014,grassland,Spain,PRJEB9654,ERR952686,SAMEA3474173,ERP010785,ERX1031656,ERS785449,87
PRJEB9654_ERR952687,MP3-4.2014,full-grazed,phosphorus,siliceous,high mountain,4,PRJEB9654,2014,512166,4766808,15.09,12.72,1.7,27,4.18,71,0.61,1.09,6.357735,2043,10,2014-09-03,MP3-4.2014,grassland,Spain,PRJEB9654,ERR952687,SAMEA3474382,ERP010785,ERX1031657,ERS785658,90
PRJEB9654_ERR952688,VE1-1.2013,full-grazed,limed,siliceous,valley,1,PRJEB9654,2013,521179,4768546,7.73,3.38,2.35,36,6.09,169,0.6,2.82,9.007477,1520,25,2013-07-02,VE1-1.2013,grassland,Spain,PRJEB9654,ERR952688,SAMEA3474198,ERP010785,ERX1031658,ERS785474,72
PRJEB9654_ERR952689,VE1-1.2013,full-grazed,limed,siliceous,valley,1,PRJEB9654,2013,521179,4768546,7.73,3.38,2.35,36,6.09,169,0.6,2.82,9.007477,1520,25,2013-07-02,VE1-1.2013,grassland,Spain,PRJEB9654,ERR952689,SAMEA3474407,ERP010785,ERX1031659,ERS785683,99
PRJEB9654_ERR952690,VE1-1.2014,full-grazed,limed,siliceous,valley,1,PRJEB9654,2014,521179,4768546,6.53,3.38,2.28,25,6.35,436,0.53,5.07,14.698525,1520,15,2014-06-24,VE1-1.2014,grassland,Spain,PRJEB9654,ERR952690,SAMEA3474199,ERP010785,ERX1031660,ERS785475,59
PRJEB9654_ERR952691,VE1-1.2014,full-grazed,limed,siliceous,valley,1,PRJEB9654,2014,521179,4768546,6.53,3.38,2.28,25,6.35,436,0.53,5.07,14.698525,1520,15,2014-06-24,VE1-1.2014,grassland,Spain,PRJEB9654,ERR952691,SAMEA3474408,ERP010785,ERX1031661,ERS785684,52
PRJEB9654_ERR952692,VE1-2.2013,full-grazed,limed,siliceous,valley,2,PRJEB9654,2013,521233,4768527,5.88,2.77,1.81,29,6.14,276,0.51,3.26,10.344717,1785,25,2013-07-02,VE1-2.2013,grassland,Spain,PRJEB9654,ERR952692,SAMEA3474200,ERP010785,ERX1031662,ERS785476,83
PRJEB9654_ERR952693,VE1-2.2013,full-grazed,limed,siliceous,valley,2,PRJEB9654,2013,521233,4768527,5.88,2.77,1.81,29,6.14,276,0.51,3.26,10.344717,1785,25,2013-07-02,VE1-2.2013,grassland,Spain,PRJEB9654,ERR952693,SAMEA3474409,ERP010785,ERX1031663,ERS785685,98
PRJEB9654_ERR952694,VE1-2.2014,full-grazed,limed,siliceous,valley,2,PRJEB9654,2014,521233,4768527,5.54,2.77,1.64,21,6.34,406,0.88,5.61,16.614729,1785,20,2014-06-24,VE1-2.2014,grassland,Spain,PRJEB9654,ERR952694,SAMEA3474201,ERP010785,ERX1031664,ERS785477,63
PRJEB9654_ERR952695,VE1-2.2014,full-grazed,limed,siliceous,valley,2,PRJEB9654,2014,521233,4768527,5.54,2.77,1.64,21,6.34,406,0.88,5.61,16.614729,1785,20,2014-06-24,VE1-2.2014,grassland,Spain,PRJEB9654,ERR952695,SAMEA3474410,ERP010785,ERX1031665,ERS785686,96
PRJEB9654_ERR952696,VE1-3.2013,full-grazed,limed,siliceous,valley,3,PRJEB9654,2013,521304,4768610,5.69,2.36,1.42,27,5.78,286,0.49,1.76,5.530144,2091,18,2013-07-02,VE1-3.2013,grassland,Spain,PRJEB9654,ERR952696,SAMEA3474202,ERP010785,ERX1031666,ERS785478,86
PRJEB9654_ERR952697,VE1-3.2013,full-grazed,limed,siliceous,valley,3,PRJEB9654,2013,521304,4768610,5.69,2.36,1.42,27,5.78,286,0.49,1.76,5.530144,2091,18,2013-07-02,VE1-3.2013,grassland,Spain,PRJEB9654,ERR952697,SAMEA3474411,ERP010785,ERX1031667,ERS785687,114
PRJEB9654_ERR952698,VE1-3.2014,full-grazed,limed,siliceous,valley,3,PRJEB9654,2014,521304,4768610,6.32,2.36,1.81,25,6.35,347,0.49,4.66,14.950967,2091,15,2014-06-24,VE1-3.2014,grassland,Spain,PRJEB9654,ERR952698,SAMEA3474203,ERP010785,ERX1031668,ERS785479,56
PRJEB9654_ERR952699,VE1-3.2014,full-grazed,limed,siliceous,valley,3,PRJEB9654,2014,521304,4768610,6.32,2.36,1.81,25,6.35,347,0.49,4.66,14.950967,2091,15,2014-06-24,VE1-3.2014,grassland,Spain,PRJEB9654,ERR952699,SAMEA3474412,ERP010785,ERX1031669,ERS785688,68
PRJEB9654_ERR952700,VE1-4.2013,full-grazed,limed,siliceous,valley,4,PRJEB9654,2013,521312,4768571,7.6,3.12,1.9,35,6.09,260,0.56,2.79,9.130422,1617,23,2013-07-02,VE1-4.2013,grassland,Spain,PRJEB9654,ERR952700,SAMEA3474204,ERP010785,ERX1031670,ERS785480,77
PRJEB9654_ERR952701,VE1-4.2013,full-grazed,limed,siliceous,valley,4,PRJEB9654,2013,521312,4768571,7.6,3.12,1.9,35,6.09,260,0.56,2.79,9.130422,1617,23,2013-07-02,VE1-4.2013,grassland,Spain,PRJEB9654,ERR952701,SAMEA3474413,ERP010785,ERX1031671,ERS785689,100
PRJEB9654_ERR952702,VE1-4.2014,full-grazed,limed,siliceous,valley,4,PRJEB9654,2014,521312,4768571,5.55,3.12,1.91,20,6.34,356,0.42,6.4,18.632669,1617,15,2014-06-24,VE1-4.2014,grassland,Spain,PRJEB9654,ERR952702,SAMEA3474205,ERP010785,ERX1031672,ERS785481,55
PRJEB9654_ERR952703,VE1-4.2014,full-grazed,limed,siliceous,valley,4,PRJEB9654,2014,521312,4768571,5.55,3.12,1.91,20,6.34,356,0.42,6.4,18.632669,1617,15,2014-06-24,VE1-4.2014,grassland,Spain,PRJEB9654,ERR952703,SAMEA3474414,ERP010785,ERX1031673,ERS785690,112
PRJEB9654_ERR952704,VE2-1.2013,harvested,limed,siliceous,valley,1,PRJEB9654,2013,520496,4768393,5.85,1.9,1.37,23,5.45,114,0.42,2.55,6.926156,1867,14,2013-08-28,VE2-1.2013,grassland,Spain,PRJEB9654,ERR952704,SAMEA3474232,ERP010785,ERX1031674,ERS785508,114
PRJEB9654_ERR952705,VE2-1.2013,harvested,limed,siliceous,valley,1,PRJEB9654,2013,520496,4768393,5.85,1.9,1.37,23,5.45,114,0.42,2.55,6.926156,1867,14,2013-08-28,VE2-1.2013,grassland,Spain,PRJEB9654,ERR952705,SAMEA3474440,ERP010785,ERX1031675,ERS785716,102
PRJEB9654_ERR952706,VE2-1.2014,harvested,limed,siliceous,valley,1,PRJEB9654,2014,520496,4768393,4.55,1.9,2.12,18,5.7,98,0.41,4.01,12.0234,2130,12,2014-07-24,VE2-1.2014,grassland,Spain,PRJEB9654,ERR952706,SAMEA3474233,ERP010785,ERX1031676,ERS785509,33
PRJEB9654_ERR952707,VE2-1.2014,harvested,limed,siliceous,valley,1,PRJEB9654,2014,520496,4768393,4.55,1.9,2.12,18,5.7,98,0.41,4.01,12.0234,2130,12,2014-07-24,VE2-1.2014,grassland,Spain,PRJEB9654,ERR952707,SAMEA3474441,ERP010785,ERX1031677,ERS785717,39
PRJEB9654_ERR952708,VE2-2.2013,harvested,limed,siliceous,valley,2,PRJEB9654,2013,520511,4768383,5.58,1.77,1.5,20,5.48,107,0.39,2.61,7.020204,2231,17,2013-08-28,VE2-2.2013,grassland,Spain,PRJEB9654,ERR952708,SAMEA3474234,ERP010785,ERX1031678,ERS785510,91
PRJEB9654_ERR952709,VE2-2.2013,harvested,limed,siliceous,valley,2,PRJEB9654,2013,520511,4768383,5.58,1.77,1.5,20,5.48,107,0.39,2.61,7.020204,2231,17,2013-08-28,VE2-2.2013,grassland,Spain,PRJEB9654,ERR952709,SAMEA3474442,ERP010785,ERX1031679,ERS785718,118
PRJEB9654_ERR952710,VE2-2.2014,harvested,limed,siliceous,valley,2,PRJEB9654,2014,520511,4768383,4.12,1.77,2.03,16,5.69,51,0.34,4.18,12.5478,2444,10,2014-07-24,VE2-2.2014,grassland,Spain,PRJEB9654,ERR952710,SAMEA3474235,ERP010785,ERX1031680,ERS785511,98
PRJEB9654_ERR952711,VE2-2.2014,harvested,limed,siliceous,valley,2,PRJEB9654,2014,520511,4768383,4.12,1.77,2.03,16,5.69,51,0.34,4.18,12.5478,2444,10,2014-07-24,VE2-2.2014,grassland,Spain,PRJEB9654,ERR952711,SAMEA3474443,ERP010785,ERX1031681,ERS785719,114
PRJEB9654_ERR952712,VE2-3.2013,harvested,limed,siliceous,valley,3,PRJEB9654,2013,520543,4768398,3.88,2.02,1.52,22,5.33,95,0.36,2,4.194414,1940,15,2013-08-28,VE2-3.2013,grassland,Spain,PRJEB9654,ERR952712,SAMEA3474236,ERP010785,ERX1031682,ERS785512,119
PRJEB9654_ERR952713,VE2-3.2013,harvested,limed,siliceous,valley,3,PRJEB9654,2013,520543,4768398,3.88,2.02,1.52,22,5.33,95,0.36,2,4.194414,1940,15,2013-08-28,VE2-3.2013,grassland,Spain,PRJEB9654,ERR952713,SAMEA3474444,ERP010785,ERX1031683,ERS785720,110
PRJEB9654_ERR952714,VE2-3.2014,harvested,limed,siliceous,valley,3,PRJEB9654,2014,520543,4768398,4.02,2.02,1.44,11,5.31,77,0.3,3.78,11.3394,2121,15,2014-07-24,VE2-3.2014,grassland,Spain,PRJEB9654,ERR952714,SAMEA3474237,ERP010785,ERX1031684,ERS785513,107
PRJEB9654_ERR952715,VE2-3.2014,harvested,limed,siliceous,valley,3,PRJEB9654,2014,520543,4768398,4.02,2.02,1.44,11,5.31,77,0.3,3.78,11.3394,2121,15,2014-07-24,VE2-3.2014,grassland,Spain,PRJEB9654,ERR952715,SAMEA3474445,ERP010785,ERX1031685,ERS785721,81
PRJEB9654_ERR952716,VE2-4.2013,harvested,limed,siliceous,valley,4,PRJEB9654,2013,520555,4768388,3.59,1.04,0.99,14,5.24,100,0.34,2.95,8.0973,2369,13,2013-08-28,VE2-4.2013,grassland,Spain,PRJEB9654,ERR952716,SAMEA3474238,ERP010785,ERX1031686,ERS785514,101
PRJEB9654_ERR952717,VE2-4.2013,harvested,limed,siliceous,valley,4,PRJEB9654,2013,520555,4768388,3.59,1.04,0.99,14,5.24,100,0.34,2.95,8.0973,2369,13,2013-08-28,VE2-4.2013,grassland,Spain,PRJEB9654,ERR952717,SAMEA3474446,ERP010785,ERX1031687,ERS785722,104
PRJEB9654_ERR952718,VE2-4.2014,harvested,limed,siliceous,valley,4,PRJEB9654,2014,520555,4768388,3.87,1.04,1.91,13,5.43,75,0.31,4.04,12.1176,3066,15,2014-07-24,VE2-4.2014,grassland,Spain,PRJEB9654,ERR952718,SAMEA3474239,ERP010785,ERX1031688,ERS785515,81
PRJEB9654_ERR952719,VE2-4.2014,harvested,limed,siliceous,valley,4,PRJEB9654,2014,520555,4768388,3.87,1.04,1.91,13,5.43,75,0.31,4.04,12.1176,3066,15,2014-07-24,VE2-4.2014,grassland,Spain,PRJEB9654,ERR952719,SAMEA3474447,ERP010785,ERX1031689,ERS785723,27
PRJEB9654_ERR952720,VE3-1.2013,partial-grazed,limed,siliceous,valley,1,PRJEB9654,2013,521863,4772252,7.04,3.91,1.2,30,5.71,145,0.52,1.66,4.111719,2164,9,2013-09-23,VE3-1.2013,grassland,Spain,PRJEB9654,ERR952720,SAMEA3474264,ERP010785,ERX1031690,ERS785540,59
PRJEB9654_ERR952721,VE3-1.2013,partial-grazed,limed,siliceous,valley,1,PRJEB9654,2013,521863,4772252,7.04,3.91,1.2,30,5.71,145,0.52,1.66,4.111719,2164,9,2013-09-23,VE3-1.2013,grassland,Spain,PRJEB9654,ERR952721,SAMEA3474472,ERP010785,ERX1031691,ERS785748,88
PRJEB9654_ERR952722,VE3-1.2014,partial-grazed,limed,siliceous,valley,1,PRJEB9654,2014,521863,4772252,5.11,3.91,2.17,15,6.17,107,0.38,5.55,16.701274,2714,5,2014-07-23,VE3-1.2014,grassland,Spain,PRJEB9654,ERR952722,SAMEA3474265,ERP010785,ERX1031692,ERS785541,50
PRJEB9654_ERR952723,VE3-1.2014,partial-grazed,limed,siliceous,valley,1,PRJEB9654,2014,521863,4772252,5.11,3.91,2.17,15,6.17,107,0.38,5.55,16.701274,2714,5,2014-07-23,VE3-1.2014,grassland,Spain,PRJEB9654,ERR952723,SAMEA3474473,ERP010785,ERX1031693,ERS785749,78
PRJEB9654_ERR952724,VE3-2.2013,partial-grazed,limed,siliceous,valley,2,PRJEB9654,2013,521867,4772276,6.88,4.17,1.14,35,5.85,100,0.5,1.52,4.128032,2261,8,2013-09-23,VE3-2.2013,grassland,Spain,PRJEB9654,ERR952724,SAMEA3474266,ERP010785,ERX1031694,ERS785542,85
PRJEB9654_ERR952725,VE3-2.2013,partial-grazed,limed,siliceous,valley,2,PRJEB9654,2013,521867,4772276,6.88,4.17,1.14,35,5.85,100,0.5,1.52,4.128032,2261,8,2013-09-23,VE3-2.2013,grassland,Spain,PRJEB9654,ERR952725,SAMEA3474474,ERP010785,ERX1031695,ERS785750,101
PRJEB9654_ERR952726,VE3-2.2014,partial-grazed,limed,siliceous,valley,2,PRJEB9654,2014,521867,4772276,5.34,4.17,2.25,21,6.54,85,0.4,4.75,13.134659,2676,5,2014-07-23,VE3-2.2014,grassland,Spain,PRJEB9654,ERR952726,SAMEA3474267,ERP010785,ERX1031696,ERS785543,47
PRJEB9654_ERR952727,VE3-2.2014,partial-grazed,limed,siliceous,valley,2,PRJEB9654,2014,521867,4772276,5.34,4.17,2.25,21,6.54,85,0.4,4.75,13.134659,2676,5,2014-07-23,VE3-2.2014,grassland,Spain,PRJEB9654,ERR952727,SAMEA3474475,ERP010785,ERX1031697,ERS785751,44
PRJEB9654_ERR952728,VE3-3.2013,partial-grazed,limed,siliceous,valley,3,PRJEB9654,2013,521847,4772288,5.58,4.42,1.45,36,6.48,123,0.46,2.01,5.539054,1786,8,2013-09-23,VE3-3.2013,grassland,Spain,PRJEB9654,ERR952728,SAMEA3474268,ERP010785,ERX1031698,ERS785544,83
PRJEB9654_ERR952729,VE3-3.2013,partial-grazed,limed,siliceous,valley,3,PRJEB9654,2013,521847,4772288,5.58,4.42,1.45,36,6.48,123,0.46,2.01,5.539054,1786,8,2013-09-23,VE3-3.2013,grassland,Spain,PRJEB9654,ERR952729,SAMEA3474476,ERP010785,ERX1031699,ERS785752,90
PRJEB9654_ERR952730,VE3-3.2014,partial-grazed,limed,siliceous,valley,3,PRJEB9654,2014,521847,4772288,4.01,4.42,2.8,24,6.84,141,0.36,4.9,13.671206,2163,5,2014-07-23,VE3-3.2014,grassland,Spain,PRJEB9654,ERR952730,SAMEA3474269,ERP010785,ERX1031700,ERS785545,46
PRJEB9654_ERR952731,VE3-3.2014,partial-grazed,limed,siliceous,valley,3,PRJEB9654,2014,521847,4772288,4.01,4.42,2.8,24,6.84,141,0.36,4.9,13.671206,2163,5,2014-07-23,VE3-3.2014,grassland,Spain,PRJEB9654,ERR952731,SAMEA3474477,ERP010785,ERX1031701,ERS785753,64
PRJEB9654_ERR952732,VE3-4.2013,partial-grazed,limed,siliceous,valley,4,PRJEB9654,2013,521837,4772268,6.85,4.33,1.47,43,5.77,106,0.54,1.97,7.13416,2843,8,2013-09-23,VE3-4.2013,grassland,Spain,PRJEB9654,ERR952732,SAMEA3474270,ERP010785,ERX1031702,ERS785546,87
PRJEB9654_ERR952733,VE3-4.2013,partial-grazed,limed,siliceous,valley,4,PRJEB9654,2013,521837,4772268,6.85,4.33,1.47,43,5.77,106,0.54,1.97,7.13416,2843,8,2013-09-23,VE3-4.2013,grassland,Spain,PRJEB9654,ERR952733,SAMEA3474478,ERP010785,ERX1031703,ERS785754,112
PRJEB9654_ERR952734,VE3-4.2014,partial-grazed,limed,siliceous,valley,4,PRJEB9654,2014,521837,4772268,4.8,4.33,2.3,20,5.93,98,0.41,6.48,18.159143,2347,10,2014-07-23,VE3-4.2014,grassland,Spain,PRJEB9654,ERR952734,SAMEA3474271,ERP010785,ERX1031704,ERS785547,65
PRJEB9654_ERR952735,VE3-4.2014,partial-grazed,limed,siliceous,valley,4,PRJEB9654,2014,521837,4772268,4.8,4.33,2.3,20,5.93,98,0.41,6.48,18.159143,2347,10,2014-07-23,VE3-4.2014,grassland,Spain,PRJEB9654,ERR952735,SAMEA3474479,ERP010785,ERX1031705,ERS785755,38
PRJEB9654_ERR952736,VI1-1.2013,full-grazed,inorganic fertilizer,calcareous,valley,1,PRJEB9654,2013,512443,4770526,4.56,1.72,1.28,18,5.76,239,0.39,7.1,12.457567,1608,25,2013-07-17,VI1-1.2013,grassland,Spain,PRJEB9654,ERR952736,SAMEA3474206,ERP010785,ERX1031706,ERS785482,102
PRJEB9654_ERR952737,VI1-1.2013,full-grazed,inorganic fertilizer,calcareous,valley,1,PRJEB9654,2013,512443,4770526,4.56,1.72,1.28,18,5.76,239,0.39,7.1,12.457567,1608,25,2013-07-17,VI1-1.2013,grassland,Spain,PRJEB9654,ERR952737,SAMEA3474415,ERP010785,ERX1031707,ERS785691,78
PRJEB9654_ERR952738,VI1-1.2014,full-grazed,inorganic fertilizer,calcareous,valley,1,PRJEB9654,2014,512443,4770526,4.75,1.72,1.77,16,5.79,297,0.39,6.39,16.773136,1321,30,2014-06-05,VI1-1.2014,grassland,Spain,PRJEB9654,ERR952738,SAMEA3474207,ERP010785,ERX1031708,ERS785483,82
PRJEB9654_ERR952739,VI1-1.2014,full-grazed,inorganic fertilizer,calcareous,valley,1,PRJEB9654,2014,512443,4770526,4.75,1.72,1.77,16,5.79,297,0.39,6.39,16.773136,1321,30,2014-06-05,VI1-1.2014,grassland,Spain,PRJEB9654,ERR952739,SAMEA3474416,ERP010785,ERX1031709,ERS785692,105
PRJEB9654_ERR952740,VI1-2.2013,full-grazed,inorganic fertilizer,calcareous,valley,2,PRJEB9654,2013,512454,4770519,5.91,2.02,1.44,22,5.88,209,0.41,6.91,12.920857,1201,25,2013-07-17,VI1-2.2013,grassland,Spain,PRJEB9654,ERR952740,SAMEA3474208,ERP010785,ERX1031710,ERS785484,70
PRJEB9654_ERR952741,VI1-2.2013,full-grazed,inorganic fertilizer,calcareous,valley,2,PRJEB9654,2013,512454,4770519,5.91,2.02,1.44,22,5.88,209,0.41,6.91,12.920857,1201,25,2013-07-17,VI1-2.2013,grassland,Spain,PRJEB9654,ERR952741,SAMEA3474417,ERP010785,ERX1031711,ERS785693,53
PRJEB9654_ERR952742,VI1-2.2014,full-grazed,inorganic fertilizer,calcareous,valley,2,PRJEB9654,2014,512454,4770519,4.33,2.02,1.27,17,5.71,207,0.35,5.53,17.041005,1653,30,2014-06-05,VI1-2.2014,grassland,Spain,PRJEB9654,ERR952742,SAMEA3474209,ERP010785,ERX1031712,ERS785485,41
PRJEB9654_ERR952743,VI1-2.2014,full-grazed,inorganic fertilizer,calcareous,valley,2,PRJEB9654,2014,512454,4770519,4.33,2.02,1.27,17,5.71,207,0.35,5.53,17.041005,1653,30,2014-06-05,VI1-2.2014,grassland,Spain,PRJEB9654,ERR952743,SAMEA3474418,ERP010785,ERX1031713,ERS785694,79
PRJEB9654_ERR952744,VI1-3.2013,full-grazed,inorganic fertilizer,calcareous,valley,3,PRJEB9654,2013,512468,4770481,6.03,2.09,2.11,23,5.84,315,0.42,4.12,8.490223,4789,25,2013-07-17,VI1-3.2013,grassland,Spain,PRJEB9654,ERR952744,SAMEA3474210,ERP010785,ERX1031714,ERS785486,80
PRJEB9654_ERR952745,VI1-3.2013,full-grazed,inorganic fertilizer,calcareous,valley,3,PRJEB9654,2013,512468,4770481,6.03,2.09,2.11,23,5.84,315,0.42,4.12,8.490223,4789,25,2013-07-17,VI1-3.2013,grassland,Spain,PRJEB9654,ERR952745,SAMEA3474419,ERP010785,ERX1031715,ERS785695,57
PRJEB9654_ERR952746,VI1-3.2014,full-grazed,inorganic fertilizer,calcareous,valley,3,PRJEB9654,2014,512468,4770481,4.14,2.09,1.64,17,5.96,373,0.34,5.21,16.62357,1590,30,2014-06-05,VI1-3.2014,grassland,Spain,PRJEB9654,ERR952746,SAMEA3474211,ERP010785,ERX1031716,ERS785487,54
PRJEB9654_ERR952747,VI1-3.2014,full-grazed,inorganic fertilizer,calcareous,valley,3,PRJEB9654,2014,512468,4770481,4.14,2.09,1.64,17,5.96,373,0.34,5.21,16.62357,1590,30,2014-06-05,VI1-3.2014,grassland,Spain,PRJEB9654,ERR952747,SAMEA3474420,ERP010785,ERX1031717,ERS785696,72
PRJEB9654_ERR952748,VI1-4.2013,full-grazed,inorganic fertilizer,calcareous,valley,4,PRJEB9654,2013,512485,4770481,5.25,2.03,2,21,5.9,368,0.38,5.44,9.387857,1206,25,2013-07-17,VI1-4.2013,grassland,Spain,PRJEB9654,ERR952748,SAMEA3474212,ERP010785,ERX1031718,ERS785488,98
PRJEB9654_ERR952749,VI1-4.2013,full-grazed,inorganic fertilizer,calcareous,valley,4,PRJEB9654,2013,512485,4770481,5.25,2.03,2,21,5.9,368,0.38,5.44,9.387857,1206,25,2013-07-17,VI1-4.2013,grassland,Spain,PRJEB9654,ERR952749,SAMEA3474421,ERP010785,ERX1031719,ERS785697,50
PRJEB9654_ERR952750,VI1-4.2014,full-grazed,inorganic fertilizer,calcareous,valley,4,PRJEB9654,2014,512485,4770481,3.91,2.03,1.21,16,5.89,250,0.36,6.07,17.830751,1360,30,2014-06-05,VI1-4.2014,grassland,Spain,PRJEB9654,ERR952750,SAMEA3474213,ERP010785,ERX1031720,ERS785489,63
PRJEB9654_ERR952751,VI1-4.2014,full-grazed,inorganic fertilizer,calcareous,valley,4,PRJEB9654,2014,512485,4770481,3.91,2.03,1.21,16,5.89,250,0.36,6.07,17.830751,1360,30,2014-06-05,VI1-4.2014,grassland,Spain,PRJEB9654,ERR952751,SAMEA3474422,ERP010785,ERX1031721,ERS785698,97
PRJEB9654_ERR952752,VI2-1.2013,harvested,inorganic fertilizer,siliceous,valley,1,PRJEB9654,2013,518957,4771245,6.17,3.18,0.99,24,5.04,236,0.44,9.29,13.24405,2594,9,2013-07-10,VI2-1.2013,grassland,Spain,PRJEB9654,ERR952752,SAMEA3474240,ERP010785,ERX1031722,ERS785516,77
PRJEB9654_ERR952753,VI2-1.2013,harvested,inorganic fertilizer,siliceous,valley,1,PRJEB9654,2013,518957,4771245,6.17,3.18,0.99,24,5.04,236,0.44,9.29,13.24405,2594,9,2013-07-10,VI2-1.2013,grassland,Spain,PRJEB9654,ERR952753,SAMEA3474448,ERP010785,ERX1031723,ERS785724,88
PRJEB9654_ERR952754,VI2-1.2014,harvested,inorganic fertilizer,siliceous,valley,1,PRJEB9654,2014,518957,4771245,2.64,3.18,2.47,11,5.19,347,0.34,8.85,13.687351,1937,15,2014-05-27,VI2-1.2014,grassland,Spain,PRJEB9654,ERR952754,SAMEA3474241,ERP010785,ERX1031724,ERS785517,76
PRJEB9654_ERR952755,VI2-1.2014,harvested,inorganic fertilizer,siliceous,valley,1,PRJEB9654,2014,518957,4771245,2.64,3.18,2.47,11,5.19,347,0.34,8.85,13.687351,1937,15,2014-05-27,VI2-1.2014,grassland,Spain,PRJEB9654,ERR952755,SAMEA3474449,ERP010785,ERX1031725,ERS785725,73
PRJEB9654_ERR952756,VI2-2.2013,harvested,inorganic fertilizer,siliceous,valley,2,PRJEB9654,2013,518947,4771279,6.14,4.25,0.91,34,5.24,214,0.48,8.59,10.292364,2128,8,2013-07-10,VI2-2.2013,grassland,Spain,PRJEB9654,ERR952756,SAMEA3474242,ERP010785,ERX1031726,ERS785518,86
PRJEB9654_ERR952757,VI2-2.2013,harvested,inorganic fertilizer,siliceous,valley,2,PRJEB9654,2013,518947,4771279,6.14,4.25,0.91,34,5.24,214,0.48,8.59,10.292364,2128,8,2013-07-10,VI2-2.2013,grassland,Spain,PRJEB9654,ERR952757,SAMEA3474450,ERP010785,ERX1031727,ERS785726,100
PRJEB9654_ERR952758,VI2-2.2014,harvested,inorganic fertilizer,siliceous,valley,2,PRJEB9654,2014,518947,4771279,4.86,4.25,2.32,19,5.34,199,0.42,8.51,14.157463,1689,15,2014-05-27,VI2-2.2014,grassland,Spain,PRJEB9654,ERR952758,SAMEA3474243,ERP010785,ERX1031728,ERS785519,78
PRJEB9654_ERR952759,VI2-2.2014,harvested,inorganic fertilizer,siliceous,valley,2,PRJEB9654,2014,518947,4771279,4.86,4.25,2.32,19,5.34,199,0.42,8.51,14.157463,1689,15,2014-05-27,VI2-2.2014,grassland,Spain,PRJEB9654,ERR952759,SAMEA3474451,ERP010785,ERX1031729,ERS785727,95
PRJEB9654_ERR952760,VI2-3.2013,harvested,inorganic fertilizer,calcareous,valley,3,PRJEB9654,2013,509178,4772959,7.21,1.73,1.27,35,6.48,316,0.53,7.5,11.235518,1936,30,2013-07-18,VI2-3.2013,grassland,Spain,PRJEB9654,ERR952760,SAMEA3474244,ERP010785,ERX1031730,ERS785520,80
PRJEB9654_ERR952761,VI2-3.2013,harvested,inorganic fertilizer,calcareous,valley,3,PRJEB9654,2013,509178,4772959,7.21,1.73,1.27,35,6.48,316,0.53,7.5,11.235518,1936,30,2013-07-18,VI2-3.2013,grassland,Spain,PRJEB9654,ERR952761,SAMEA3474452,ERP010785,ERX1031731,ERS785728,95
PRJEB9654_ERR952762,VI2-3.2014,harvested,inorganic fertilizer,calcareous,valley,3,PRJEB9654,2014,509178,4772959,6.32,1.73,0.53,33,6.99,168,0.48,6.61,11.805505,1976,5,2014-06-18,VI2-3.2014,grassland,Spain,PRJEB9654,ERR952762,SAMEA3474245,ERP010785,ERX1031732,ERS785521,43
PRJEB9654_ERR952763,VI2-3.2014,harvested,inorganic fertilizer,calcareous,valley,3,PRJEB9654,2014,509178,4772959,6.32,1.73,0.53,33,6.99,168,0.48,6.61,11.805505,1976,5,2014-06-18,VI2-3.2014,grassland,Spain,PRJEB9654,ERR952763,SAMEA3474453,ERP010785,ERX1031733,ERS785729,113
PRJEB9654_ERR952764,VI2-4.2013,harvested,inorganic fertilizer,calcareous,valley,4,PRJEB9654,2013,509155,4772955,7.34,2.98,0.83,42,7.43,175,0.52,6.93,10.043453,1355,30,2013-07-18,VI2-4.2013,grassland,Spain,PRJEB9654,ERR952764,SAMEA3474246,ERP010785,ERX1031734,ERS785522,100
PRJEB9654_ERR952765,VI2-4.2013,harvested,inorganic fertilizer,calcareous,valley,4,PRJEB9654,2013,509155,4772955,7.34,2.98,0.83,42,7.43,175,0.52,6.93,10.043453,1355,30,2013-07-18,VI2-4.2013,grassland,Spain,PRJEB9654,ERR952765,SAMEA3474454,ERP010785,ERX1031735,ERS785730,111
PRJEB9654_ERR952766,VI2-4.2014,harvested,inorganic fertilizer,calcareous,valley,4,PRJEB9654,2014,509155,4772955,4.39,2.98,0.51,22,6.73,222,0.37,3.37,6.846812,1861,5,2014-06-18,VI2-4.2014,grassland,Spain,PRJEB9654,ERR952766,SAMEA3474247,ERP010785,ERX1031736,ERS785523,57
PRJEB9654_ERR952767,VI2-4.2014,harvested,inorganic fertilizer,calcareous,valley,4,PRJEB9654,2014,509155,4772955,4.39,2.98,0.51,22,6.73,222,0.37,3.37,6.846812,1861,5,2014-06-18,VI2-4.2014,grassland,Spain,PRJEB9654,ERR952767,SAMEA3474455,ERP010785,ERX1031737,ERS785731,99
PRJEB9654_ERR952768,VI3-1.2013,partial-grazed,inorganic fertilizer,siliceous,valley,1,PRJEB9654,2013,519436,4770796,7.64,3.36,1.72,33,5.3,153,0.55,6.24,8.190297,1626,9,2013-07-10,VI3-1.2013,grassland,Spain,PRJEB9654,ERR952768,SAMEA3474272,ERP010785,ERX1031738,ERS785548,84
PRJEB9654_ERR952769,VI3-1.2013,partial-grazed,inorganic fertilizer,siliceous,valley,1,PRJEB9654,2013,519436,4770796,7.64,3.36,1.72,33,5.3,153,0.55,6.24,8.190297,1626,9,2013-07-10,VI3-1.2013,grassland,Spain,PRJEB9654,ERR952769,SAMEA3474480,ERP010785,ERX1031739,ERS785756,62
PRJEB9654_ERR952770,VI3-1.2014,partial-grazed,inorganic fertilizer,siliceous,valley,1,PRJEB9654,2014,519436,4770796,5.85,3.36,1.64,34,5.31,149,0.44,7.24,20.57858,1279,10,2014-06-12,VI3-1.2014,grassland,Spain,PRJEB9654,ERR952770,SAMEA3474273,ERP010785,ERX1031740,ERS785549,17
PRJEB9654_ERR952771,VI3-1.2014,partial-grazed,inorganic fertilizer,siliceous,valley,1,PRJEB9654,2014,519436,4770796,5.85,3.36,1.64,34,5.31,149,0.44,7.24,20.57858,1279,10,2014-06-12,VI3-1.2014,grassland,Spain,PRJEB9654,ERR952771,SAMEA3474481,ERP010785,ERX1031741,ERS785757,57
PRJEB9654_ERR952772,VI3-2.2013,partial-grazed,inorganic fertilizer,calcareous,valley,2,PRJEB9654,2013,511497,4771497,5.21,2.44,2.44,27,6.21,141,0.38,2.81,10.990724,1409,30,2013-07-01,VI3-2.2013,grassland,Spain,PRJEB9654,ERR952772,SAMEA3474274,ERP010785,ERX1031742,ERS785550,92
PRJEB9654_ERR952773,VI3-2.2013,partial-grazed,inorganic fertilizer,calcareous,valley,2,PRJEB9654,2013,511497,4771497,5.21,2.44,2.44,27,6.21,141,0.38,2.81,10.990724,1409,30,2013-07-01,VI3-2.2013,grassland,Spain,PRJEB9654,ERR952773,SAMEA3474482,ERP010785,ERX1031743,ERS785758,82
PRJEB9654_ERR952774,VI3-2.2014,partial-grazed,inorganic fertilizer,calcareous,valley,2,PRJEB9654,2014,511497,4771497,5.08,2.44,1.57,23,6.31,147,0.38,2.97,9.606303,2013,15,2014-06-06,VI3-2.2014,grassland,Spain,PRJEB9654,ERR952774,SAMEA3474275,ERP010785,ERX1031744,ERS785551,88
PRJEB9654_ERR952775,VI3-2.2014,partial-grazed,inorganic fertilizer,calcareous,valley,2,PRJEB9654,2014,511497,4771497,5.08,2.44,1.57,23,6.31,147,0.38,2.97,9.606303,2013,15,2014-06-06,VI3-2.2014,grassland,Spain,PRJEB9654,ERR952775,SAMEA3474483,ERP010785,ERX1031745,ERS785759,78
PRJEB9654_ERR952776,VI3-3.2013,partial-grazed,inorganic fertilizer,calcareous,valley,3,PRJEB9654,2013,511523,4771503,6.1,2.28,2.45,34,6.92,202,0.48,2.54,8.827676,1324,30,2013-07-01,VI3-3.2013,grassland,Spain,PRJEB9654,ERR952776,SAMEA3474276,ERP010785,ERX1031746,ERS785552,86
PRJEB9654_ERR952777,VI3-3.2013,partial-grazed,inorganic fertilizer,calcareous,valley,3,PRJEB9654,2013,511523,4771503,6.1,2.28,2.45,34,6.92,202,0.48,2.54,8.827676,1324,30,2013-07-01,VI3-3.2013,grassland,Spain,PRJEB9654,ERR952777,SAMEA3474484,ERP010785,ERX1031747,ERS785760,82
PRJEB9654_ERR952778,VI3-3.2014,partial-grazed,inorganic fertilizer,calcareous,valley,3,PRJEB9654,2014,511523,4771503,6.18,2.28,1.28,31,6.96,181,0.44,2.81,10.103215,2212,15,2014-06-06,VI3-3.2014,grassland,Spain,PRJEB9654,ERR952778,SAMEA3474277,ERP010785,ERX1031748,ERS785553,78
PRJEB9654_ERR952779,VI3-3.2014,partial-grazed,inorganic fertilizer,calcareous,valley,3,PRJEB9654,2014,511523,4771503,6.18,2.28,1.28,31,6.96,181,0.44,2.81,10.103215,2212,15,2014-06-06,VI3-3.2014,grassland,Spain,PRJEB9654,ERR952779,SAMEA3474485,ERP010785,ERX1031749,ERS785761,105
PRJEB9654_ERR952780,VI3-4.2013,partial-grazed,inorganic fertilizer,siliceous,valley,4,PRJEB9654,2013,521919,4771729,4.69,2.84,1.19,23,5.62,184,0.41,4.68,9.633888,1414,18,2013-09-23,VI3-4.2013,grassland,Spain,PRJEB9654,ERR952780,SAMEA3474278,ERP010785,ERX1031750,ERS785554,87
PRJEB9654_ERR952781,VI3-4.2013,partial-grazed,inorganic fertilizer,siliceous,valley,4,PRJEB9654,2013,521919,4771729,4.69,2.84,1.19,23,5.62,184,0.41,4.68,9.633888,1414,18,2013-09-23,VI3-4.2013,grassland,Spain,PRJEB9654,ERR952781,SAMEA3474486,ERP010785,ERX1031751,ERS785762,96
PRJEB9654_ERR952782,VI3-4.2014,partial-grazed,inorganic fertilizer,siliceous,valley,4,PRJEB9654,2014,521919,4771729,3.92,2.84,1.17,15,5.49,200,0.37,6.43,17.999228,1362,5,2014-06-12,VI3-4.2014,grassland,Spain,PRJEB9654,ERR952782,SAMEA3474279,ERP010785,ERX1031752,ERS785555,106
PRJEB9654_ERR952783,VI3-4.2014,partial-grazed,inorganic fertilizer,siliceous,valley,4,PRJEB9654,2014,521919,4771729,3.92,2.84,1.17,15,5.49,200,0.37,6.43,17.999228,1362,5,2014-06-12,VI3-4.2014,grassland,Spain,PRJEB9654,ERR952783,SAMEA3474487,ERP010785,ERX1031753,ERS785763,110
PRJEB9654_ERR952784,VNE1-1.2013,full-grazed,no liming,siliceous,valley,1,PRJEB9654,2013,521107,4768668,7.85,2.54,1.63,34,6.01,349,0.52,3.74,10.527391,1412,16,2013-07-02,VNE1-1.2013,grassland,Spain,PRJEB9654,ERR952784,SAMEA3474214,ERP010785,ERX1031754,ERS785490,82
PRJEB9654_ERR952785,VNE1-1.2013,full-grazed,no liming,siliceous,valley,1,PRJEB9654,2013,521107,4768668,7.85,2.54,1.63,34,6.01,349,0.52,3.74,10.527391,1412,16,2013-07-02,VNE1-1.2013,grassland,Spain,PRJEB9654,ERR952785,SAMEA3474423,ERP010785,ERX1031755,ERS785699,119
PRJEB9654_ERR952786,VNE1-1.2014,full-grazed,no liming,siliceous,valley,1,PRJEB9654,2014,521107,4768668,6.5,2.54,1.99,22,6.3,455,0.44,4.93,15.543212,1412,15,2014-06-24,VNE1-1.2014,grassland,Spain,PRJEB9654,ERR952786,SAMEA3474215,ERP010785,ERX1031756,ERS785491,67
PRJEB9654_ERR952787,VNE1-1.2014,full-grazed,no liming,siliceous,valley,1,PRJEB9654,2014,521107,4768668,6.5,2.54,1.99,22,6.3,455,0.44,4.93,15.543212,1412,15,2014-06-24,VNE1-1.2014,grassland,Spain,PRJEB9654,ERR952787,SAMEA3474424,ERP010785,ERX1031757,ERS785700,81
PRJEB9654_ERR952788,VNE1-2.2013,full-grazed,no liming,siliceous,valley,2,PRJEB9654,2013,521103,4768691,6.19,2.11,1.6,26,5.87,606,0.47,3.91,10.393541,1547,20,2013-07-02,VNE1-2.2013,grassland,Spain,PRJEB9654,ERR952788,SAMEA3474216,ERP010785,ERX1031758,ERS785492,80
PRJEB9654_ERR952789,VNE1-2.2013,full-grazed,no liming,siliceous,valley,2,PRJEB9654,2013,521103,4768691,6.19,2.11,1.6,26,5.87,606,0.47,3.91,10.393541,1547,20,2013-07-02,VNE1-2.2013,grassland,Spain,PRJEB9654,ERR952789,SAMEA3474425,ERP010785,ERX1031759,ERS785701,104
PRJEB9654_ERR952790,VNE1-2a.2014,full-grazed,no liming,siliceous,valley,2,PRJEB9654,2014,521103,4768691,5.62,1.34,1.19,22,6.42,549,0.42,5.16,15.796761,1547,25,2014-06-24,VNE1-2a.2014,grassland,Spain,PRJEB9654,ERR952790,SAMEA3474217,ERP010785,ERX1031760,ERS785493,67
PRJEB9654_ERR952791,VNE1-2b.2014,full-grazed,no liming,siliceous,valley,2,PRJEB9654,2014,521103,4768691,5.62,1.34,1.19,22,6.42,549,0.42,5.16,15.796761,1547,25,2014-06-24,VNE1-2b.2014,grassland,Spain,PRJEB9654,ERR952791,SAMEA3474218,ERP010785,ERX1031761,ERS785494,94
PRJEB9654_ERR952792,VNE1-3.2013,full-grazed,no liming,siliceous,valley,3,PRJEB9654,2013,521082,4768713,6.39,2.04,1.48,29,6.15,325,0.47,3.6,8.430628,1577,18,2013-07-02,VNE1-3.2013,grassland,Spain,PRJEB9654,ERR952792,SAMEA3474219,ERP010785,ERX1031762,ERS785495,114
PRJEB9654_ERR952793,VNE1-3.2013,full-grazed,no liming,siliceous,valley,3,PRJEB9654,2013,521082,4768713,6.39,2.04,1.48,29,6.15,325,0.47,3.6,8.430628,1577,18,2013-07-02,VNE1-3.2013,grassland,Spain,PRJEB9654,ERR952793,SAMEA3474428,ERP010785,ERX1031763,ERS785704,106
PRJEB9654_ERR952794,VNE1-3a.2014,full-grazed,no liming,siliceous,valley,3,PRJEB9654,2014,521082,4768713,6.02,1.42,1.66,23,6.35,337,0.47,4.05,12.019699,1577,20,2014-06-24,VNE1-3a.2014,grassland,Spain,PRJEB9654,ERR952794,SAMEA3474220,ERP010785,ERX1031764,ERS785496,58
PRJEB9654_ERR952795,VNE1-3b.2014,full-grazed,no liming,siliceous,valley,3,PRJEB9654,2014,521082,4768713,6.02,1.42,1.66,23,6.35,337,0.47,4.05,12.019699,1577,20,2014-06-24,VNE1-3b.2014,grassland,Spain,PRJEB9654,ERR952795,SAMEA3474221,ERP010785,ERX1031765,ERS785497,122
PRJEB9654_ERR952796,VNE1-4.2013,full-grazed,no liming,siliceous,valley,4,PRJEB9654,2013,521067,4768685,6.55,2.44,1.44,30,6.13,321,0.52,4.17,12.028622,1369,18,2013-07-02,VNE1-4.2013,grassland,Spain,PRJEB9654,ERR952796,SAMEA3474222,ERP010785,ERX1031766,ERS785498,117
PRJEB9654_ERR952797,VNE1-4.2013,full-grazed,no liming,siliceous,valley,4,PRJEB9654,2013,521067,4768685,6.55,2.44,1.44,30,6.13,321,0.52,4.17,12.028622,1369,18,2013-07-02,VNE1-4.2013,grassland,Spain,PRJEB9654,ERR952797,SAMEA3474431,ERP010785,ERX1031767,ERS785707,104
PRJEB9654_ERR952798,VNE1-4.2014,full-grazed,no liming,siliceous,valley,4,PRJEB9654,2014,521067,4768685,5.62,2.44,1.44,21,6.33,279,0.44,4.41,13.041831,1369,20,2014-06-24,VNE1-4.2014,grassland,Spain,PRJEB9654,ERR952798,SAMEA3474223,ERP010785,ERX1031768,ERS785499,51
PRJEB9654_ERR952799,VNE2-1.2013,harvested,no liming,siliceous,valley,1,PRJEB9654,2013,520510,4768343,4.96,1.48,0.98,18,5.32,80,0.38,2.34,4.591533,2766,4,2013-08-28,VNE2-1.2013,grassland,Spain,PRJEB9654,ERR952799,SAMEA3474248,ERP010785,ERX1031769,ERS785524,72
PRJEB9654_ERR952800,VNE2-1.2013,harvested,no liming,siliceous,valley,1,PRJEB9654,2013,520510,4768343,4.96,1.48,0.98,18,5.32,80,0.38,2.34,4.591533,2766,4,2013-08-28,VNE2-1.2013,grassland,Spain,PRJEB9654,ERR952800,SAMEA3474456,ERP010785,ERX1031770,ERS785732,110
PRJEB9654_ERR952801,VNE2-1.2014,harvested,no liming,siliceous,valley,1,PRJEB9654,2014,520510,4768343,5.81,1.48,1.42,20,5.49,135,0.37,3.87,11.6232,2909,8,2014-07-24,VNE2-1.2014,grassland,Spain,PRJEB9654,ERR952801,SAMEA3474249,ERP010785,ERX1031771,ERS785525,88
PRJEB9654_ERR952802,VNE2-1.2014,harvested,no liming,siliceous,valley,1,PRJEB9654,2014,520510,4768343,5.81,1.48,1.42,20,5.49,135,0.37,3.87,11.6232,2909,8,2014-07-24,VNE2-1.2014,grassland,Spain,PRJEB9654,ERR952802,SAMEA3474457,ERP010785,ERX1031772,ERS785733,37
PRJEB9654_ERR952803,VNE2-2.2013,harvested,no liming,siliceous,valley,2,PRJEB9654,2013,520493,4768345,5.74,1.78,1.04,18,5.04,100,0.38,2.26,4.538042,2700,5,2013-08-28,VNE2-2.2013,grassland,Spain,PRJEB9654,ERR952803,SAMEA3474250,ERP010785,ERX1031773,ERS785526,93
PRJEB9654_ERR952804,VNE2-2.2013,harvested,no liming,siliceous,valley,2,PRJEB9654,2013,520493,4768345,5.74,1.78,1.04,18,5.04,100,0.38,2.26,4.538042,2700,5,2013-08-28,VNE2-2.2013,grassland,Spain,PRJEB9654,ERR952804,SAMEA3474458,ERP010785,ERX1031774,ERS785734,120
PRJEB9654_ERR952805,VNE2-2.2014,harvested,no liming,siliceous,valley,2,PRJEB9654,2014,520493,4768345,5.13,1.78,1.75,19,5.18,97,0.4,3.74,11.2266,2620,5,2014-07-24,VNE2-2.2014,grassland,Spain,PRJEB9654,ERR952805,SAMEA3474251,ERP010785,ERX1031775,ERS785527,81
PRJEB9654_ERR952806,VNE2-2.2014,harvested,no liming,siliceous,valley,2,PRJEB9654,2014,520493,4768345,5.13,1.78,1.75,19,5.18,97,0.4,3.74,11.2266,2620,5,2014-07-24,VNE2-2.2014,grassland,Spain,PRJEB9654,ERR952806,SAMEA3474459,ERP010785,ERX1031776,ERS785735,52
PRJEB9654_ERR952807,VNE2-3.2013,harvested,no liming,siliceous,valley,3,PRJEB9654,2013,520490,4768353,4.78,1.7,1.48,16,5.04,88,0.35,2.49,6.809468,2294,7,2013-08-28,VNE2-3.2013,grassland,Spain,PRJEB9654,ERR952807,SAMEA3474252,ERP010785,ERX1031777,ERS785528,93
PRJEB9654_ERR952808,VNE2-3.2013,harvested,no liming,siliceous,valley,3,PRJEB9654,2013,520490,4768353,4.78,1.7,1.48,16,5.04,88,0.35,2.49,6.809468,2294,7,2013-08-28,VNE2-3.2013,grassland,Spain,PRJEB9654,ERR952808,SAMEA3474460,ERP010785,ERX1031778,ERS785736,118
PRJEB9654_ERR952809,VNE2-3.2014,harvested,no liming,siliceous,valley,3,PRJEB9654,2014,520490,4768353,3.89,1.7,1.59,13,5.19,71,0.32,4.04,12.1086,2506,5,2014-07-24,VNE2-3.2014,grassland,Spain,PRJEB9654,ERR952809,SAMEA3474253,ERP010785,ERX1031779,ERS785529,74
PRJEB9654_ERR952810,VNE2-3.2014,harvested,no liming,siliceous,valley,3,PRJEB9654,2014,520490,4768353,3.89,1.7,1.59,13,5.19,71,0.32,4.04,12.1086,2506,5,2014-07-24,VNE2-3.2014,grassland,Spain,PRJEB9654,ERR952810,SAMEA3474461,ERP010785,ERX1031780,ERS785737,55
PRJEB9654_ERR952811,VNE2-4.2013,harvested,no liming,siliceous,valley,4,PRJEB9654,2013,520473,4768370,5.7,2.2,1.36,18,5.02,98,0.4,2.57,6.522433,2708,10,2013-08-28,VNE2-4.2013,grassland,Spain,PRJEB9654,ERR952811,SAMEA3474254,ERP010785,ERX1031781,ERS785530,76
PRJEB9654_ERR952812,VNE2-4.2013,harvested,no liming,siliceous,valley,4,PRJEB9654,2013,520473,4768370,5.7,2.2,1.36,18,5.02,98,0.4,2.57,6.522433,2708,10,2013-08-28,VNE2-4.2013,grassland,Spain,PRJEB9654,ERR952812,SAMEA3474462,ERP010785,ERX1031782,ERS785738,105
PRJEB9654_ERR952813,VNE2-4.2014,harvested,no liming,siliceous,valley,4,PRJEB9654,2014,520473,4768370,5.35,2.2,1.63,17,5.16,90,0.39,3.73,11.1852,2204,5,2014-07-24,VNE2-4.2014,grassland,Spain,PRJEB9654,ERR952813,SAMEA3474255,ERP010785,ERX1031783,ERS785531,106
PRJEB9654_ERR952814,VNE2-4.2014,harvested,no liming,siliceous,valley,4,PRJEB9654,2014,520473,4768370,5.35,2.2,1.63,17,5.16,90,0.39,3.73,11.1852,2204,5,2014-07-24,VNE2-4.2014,grassland,Spain,PRJEB9654,ERR952814,SAMEA3474463,ERP010785,ERX1031784,ERS785739,53
PRJEB9654_ERR952815,VNE3-1.2013,partial-grazed,no liming,siliceous,valley,1,PRJEB9654,2013,521861,4772229,7.15,4.04,1.21,33,5.88,125,0.56,2.08,6.055104,2016,5,2013-09-23,VNE3-1.2013,grassland,Spain,PRJEB9654,ERR952815,SAMEA3474280,ERP010785,ERX1031785,ERS785556,77
PRJEB9654_ERR952816,VNE3-1.2013,partial-grazed,no liming,siliceous,valley,1,PRJEB9654,2013,521861,4772229,7.15,4.04,1.21,33,5.88,125,0.56,2.08,6.055104,2016,5,2013-09-23,VNE3-1.2013,grassland,Spain,PRJEB9654,ERR952816,SAMEA3474488,ERP010785,ERX1031786,ERS785764,94
PRJEB9654_ERR952817,VNE3-1.2014,partial-grazed,no liming,siliceous,valley,1,PRJEB9654,2014,521861,4772229,4.62,4.04,2.14,16,6.06,107,0.36,4.82,13.763463,1564,5,2014-07-23,VNE3-1.2014,grassland,Spain,PRJEB9654,ERR952817,SAMEA3474281,ERP010785,ERX1031787,ERS785557,36
PRJEB9654_ERR952818,VNE3-1.2014,partial-grazed,no liming,siliceous,valley,1,PRJEB9654,2014,521861,4772229,4.62,4.04,2.14,16,6.06,107,0.36,4.82,13.763463,1564,5,2014-07-23,VNE3-1.2014,grassland,Spain,PRJEB9654,ERR952818,SAMEA3474489,ERP010785,ERX1031788,ERS785765,39
PRJEB9654_ERR952819,VNE3-2.2013,partial-grazed,no liming,siliceous,valley,2,PRJEB9654,2013,521877,4772239,8.21,4.28,1.69,44,6.41,308,0.6,3.15,8.490091,1418,16,2013-09-23,VNE3-2.2013,grassland,Spain,PRJEB9654,ERR952819,SAMEA3474282,ERP010785,ERX1031789,ERS785558,92
PRJEB9654_ERR952820,VNE3-2.2013,partial-grazed,no liming,siliceous,valley,2,PRJEB9654,2013,521877,4772239,8.21,4.28,1.69,44,6.41,308,0.6,3.15,8.490091,1418,16,2013-09-23,VNE3-2.2013,grassland,Spain,PRJEB9654,ERR952820,SAMEA3474490,ERP010785,ERX1031790,ERS785766,122
PRJEB9654_ERR952821,VNE3-2.2014,partial-grazed,no liming,siliceous,valley,2,PRJEB9654,2014,521877,4772239,6.46,4.28,2.46,32,7,243,0.51,6.52,15.972678,1394,5,2014-07-23,VNE3-2.2014,grassland,Spain,PRJEB9654,ERR952821,SAMEA3474283,ERP010785,ERX1031791,ERS785559,63
PRJEB9654_ERR952822,VNE3-2.2014,partial-grazed,no liming,siliceous,valley,2,PRJEB9654,2014,521877,4772239,6.46,4.28,2.46,32,7,243,0.51,6.52,15.972678,1394,5,2014-07-23,VNE3-2.2014,grassland,Spain,PRJEB9654,ERR952822,SAMEA3474491,ERP010785,ERX1031792,ERS785767,29
PRJEB9654_ERR952823,VNE3-3.2013,partial-grazed,no liming,siliceous,valley,3,PRJEB9654,2013,521879,4772222,8.41,4.36,0.96,41,6.04,130,0.58,1.89,4.682354,2163,14,2013-09-23,VNE3-3.2013,grassland,Spain,PRJEB9654,ERR952823,SAMEA3474284,ERP010785,ERX1031793,ERS785560,97
PRJEB9654_ERR952824,VNE3-3.2013,partial-grazed,no liming,siliceous,valley,3,PRJEB9654,2013,521879,4772222,8.41,4.36,0.96,41,6.04,130,0.58,1.89,4.682354,2163,14,2013-09-23,VNE3-3.2013,grassland,Spain,PRJEB9654,ERR952824,SAMEA3474492,ERP010785,ERX1031794,ERS785768,118
PRJEB9654_ERR952825,VNE3-3.2014,partial-grazed,no liming,siliceous,valley,3,PRJEB9654,2014,521879,4772222,4.58,4.36,2.71,19,6.1,122,0.39,6.22,15.505584,2186,5,2014-07-23,VNE3-3.2014,grassland,Spain,PRJEB9654,ERR952825,SAMEA3474285,ERP010785,ERX1031795,ERS785561,53
PRJEB9654_ERR952826,VNE3-3.2014,partial-grazed,no liming,siliceous,valley,3,PRJEB9654,2014,521879,4772222,4.58,4.36,2.71,19,6.1,122,0.39,6.22,15.505584,2186,5,2014-07-23,VNE3-3.2014,grassland,Spain,PRJEB9654,ERR952826,SAMEA3474493,ERP010785,ERX1031796,ERS785769,52
PRJEB9654_ERR952827,VNE3-4.2013,partial-grazed,no liming,siliceous,valley,4,PRJEB9654,2013,521888,4772244,8.66,4.16,1.53,34,6.28,219,0.63,2.26,6.69705,4829,17,2013-09-23,VNE3-4.2013,grassland,Spain,PRJEB9654,ERR952827,SAMEA3474286,ERP010785,ERX1031797,ERS785562,87
PRJEB9654_ERR952828,VNE3-4.2013,partial-grazed,no liming,siliceous,valley,4,PRJEB9654,2013,521888,4772244,8.66,4.16,1.53,34,6.28,219,0.63,2.26,6.69705,4829,17,2013-09-23,VNE3-4.2013,grassland,Spain,PRJEB9654,ERR952828,SAMEA3474494,ERP010785,ERX1031798,ERS785770,114
PRJEB9654_ERR952829,VNE3-4.2014,partial-grazed,no liming,siliceous,valley,4,PRJEB9654,2014,521888,4772244,7.26,4.16,2.19,31,6.81,228,0.53,6.44,15.918582,2040,5,2014-07-23,VNE3-4.2014,grassland,Spain,PRJEB9654,ERR952829,SAMEA3474287,ERP010785,ERX1031799,ERS785563,55
PRJEB9654_ERR952830,VNE3-4.2014,partial-grazed,no liming,siliceous,valley,4,PRJEB9654,2014,521888,4772244,7.26,4.16,2.19,31,6.81,228,0.53,6.44,15.918582,2040,5,2014-07-23,VNE3-4.2014,grassland,Spain,PRJEB9654,ERR952830,SAMEA3474495,ERP010785,ERX1031800,ERS785771,54
PRJEB9654_ERR952831,VO1-1.2013,full-grazed,organic fertilizer,calcareous,valley,1,PRJEB9654,2013,512562,4770513,6.82,3.17,1.17,36,5.9,499,0.53,5.8,11.436733,1143,18,2013-07-17,VO1-1.2013,grassland,Spain,PRJEB9654,ERR952831,SAMEA3474224,ERP010785,ERX1031801,ERS785500,80
PRJEB9654_ERR952832,VO1-1.2013,full-grazed,organic fertilizer,calcareous,valley,1,PRJEB9654,2013,512562,4770513,6.82,3.17,1.17,36,5.9,499,0.53,5.8,11.436733,1143,18,2013-07-17,VO1-1.2013,grassland,Spain,PRJEB9654,ERR952832,SAMEA3474433,ERP010785,ERX1031802,ERS785709,72
PRJEB9654_ERR952833,VO1-1.2014,full-grazed,organic fertilizer,calcareous,valley,1,PRJEB9654,2014,512562,4770513,5.16,3.17,1.21,17,5.77,334,0.4,4.6,15.036267,1121,30,2014-06-05,VO1-1.2014,grassland,Spain,PRJEB9654,ERR952833,SAMEA3474225,ERP010785,ERX1031803,ERS785501,94
PRJEB9654_ERR952834,VO1-1.2014,full-grazed,organic fertilizer,calcareous,valley,1,PRJEB9654,2014,512562,4770513,5.16,3.17,1.21,17,5.77,334,0.4,4.6,15.036267,1121,30,2014-06-05,VO1-1.2014,grassland,Spain,PRJEB9654,ERR952834,SAMEA3474434,ERP010785,ERX1031804,ERS785710,95
PRJEB9654_ERR952835,VO1-2.2013,full-grazed,organic fertilizer,calcareous,valley,2,PRJEB9654,2013,512543,4770446,6.47,2.33,1.39,26,5.89,192,0.46,6.58,12.746464,959,25,2013-07-17,VO1-2.2013,grassland,Spain,PRJEB9654,ERR952835,SAMEA3474226,ERP010785,ERX1031805,ERS785502,74
PRJEB9654_ERR952836,VO1-2.2013,full-grazed,organic fertilizer,calcareous,valley,2,PRJEB9654,2013,512543,4770446,6.47,2.33,1.39,26,5.89,192,0.46,6.58,12.746464,959,25,2013-07-17,VO1-2.2013,grassland,Spain,PRJEB9654,ERR952836,SAMEA3474435,ERP010785,ERX1031806,ERS785711,74
PRJEB9654_ERR952837,VO1-2.2014,full-grazed,organic fertilizer,calcareous,valley,2,PRJEB9654,2014,512543,4770446,5.06,2.33,1.63,19,5.9,164,0.38,4.31,14.332062,1289,30,2014-06-05,VO1-2.2014,grassland,Spain,PRJEB9654,ERR952837,SAMEA3474227,ERP010785,ERX1031807,ERS785503,113
PRJEB9654_ERR952838,VO1-2.2014,full-grazed,organic fertilizer,calcareous,valley,2,PRJEB9654,2014,512543,4770446,5.06,2.33,1.63,19,5.9,164,0.38,4.31,14.332062,1289,30,2014-06-05,VO1-2.2014,grassland,Spain,PRJEB9654,ERR952838,SAMEA3474436,ERP010785,ERX1031808,ERS785712,117
PRJEB9654_ERR952839,VO1-3.2013,full-grazed,organic fertilizer,calcareous,valley,3,PRJEB9654,2013,512563,4770503,5.52,2.61,2.04,30,5.81,257,0.52,6.11,12.618109,1351,25,2013-07-17,VO1-3.2013,grassland,Spain,PRJEB9654,ERR952839,SAMEA3474228,ERP010785,ERX1031809,ERS785504,87
PRJEB9654_ERR952840,VO1-3.2014,full-grazed,organic fertilizer,calcareous,valley,3,PRJEB9654,2014,512563,4770503,4.95,2.61,1.44,21,5.69,301,0.39,5.02,15.336407,1583,30,2014-06-05,VO1-3.2014,grassland,Spain,PRJEB9654,ERR952840,SAMEA3474229,ERP010785,ERX1031810,ERS785505,84
PRJEB9654_ERR952841,VO1-3.2014,full-grazed,organic fertilizer,calcareous,valley,3,PRJEB9654,2014,512563,4770503,4.95,2.61,1.44,21,5.69,301,0.39,5.02,15.336407,1583,30,2014-06-05,VO1-3.2014,grassland,Spain,PRJEB9654,ERR952841,SAMEA3474437,ERP010785,ERX1031811,ERS785713,102
PRJEB9654_ERR952842,VO1-4.2013,full-grazed,organic fertilizer,calcareous,valley,4,PRJEB9654,2013,512577,4770550,5.29,2.24,1.27,29,6.29,256,0.57,5.77,11.278307,1411,25,2013-07-17,VO1-4.2013,grassland,Spain,PRJEB9654,ERR952842,SAMEA3474230,ERP010785,ERX1031812,ERS785506,127
PRJEB9654_ERR952843,VO1-4.2013,full-grazed,organic fertilizer,calcareous,valley,4,PRJEB9654,2013,512577,4770550,5.29,2.24,1.27,29,6.29,256,0.57,5.77,11.278307,1411,25,2013-07-17,VO1-4.2013,grassland,Spain,PRJEB9654,ERR952843,SAMEA3474438,ERP010785,ERX1031813,ERS785714,85
PRJEB9654_ERR952844,VO1-4.2014,full-grazed,organic fertilizer,calcareous,valley,4,PRJEB9654,2014,512577,4770550,6.58,2.24,1.53,29,6.59,301,0.52,6.41,20.060074,1565,30,2014-06-05,VO1-4.2014,grassland,Spain,PRJEB9654,ERR952844,SAMEA3474231,ERP010785,ERX1031814,ERS785507,32
PRJEB9654_ERR952845,VO1-4.2014,full-grazed,organic fertilizer,calcareous,valley,4,PRJEB9654,2014,512577,4770550,6.58,2.24,1.53,29,6.59,301,0.52,6.41,20.060074,1565,30,2014-06-05,VO1-4.2014,grassland,Spain,PRJEB9654,ERR952845,SAMEA3474439,ERP010785,ERX1031815,ERS785715,120
PRJEB9654_ERR952846,VO2-1.2013,harvested,organic fertilizer,siliceous,valley,1,PRJEB9654,2013,519015,4771200,6.33,3.57,1.2,30,5.4,143,0.45,5.38,7.851526,4460,10,2013-07-10,VO2-1.2013,grassland,Spain,PRJEB9654,ERR952846,SAMEA3474256,ERP010785,ERX1031816,ERS785532,89
PRJEB9654_ERR952847,VO2-1.2013,harvested,organic fertilizer,siliceous,valley,1,PRJEB9654,2013,519015,4771200,6.33,3.57,1.2,30,5.4,143,0.45,5.38,7.851526,4460,10,2013-07-10,VO2-1.2013,grassland,Spain,PRJEB9654,ERR952847,SAMEA3474464,ERP010785,ERX1031817,ERS785740,87
PRJEB9654_ERR952848,VO2-1.2014,harvested,organic fertilizer,siliceous,valley,1,PRJEB9654,2014,519015,4771200,7.44,3.57,2.92,25,6.16,159,0.57,7.46,14.298281,1851,10,2014-05-27,VO2-1.2014,grassland,Spain,PRJEB9654,ERR952848,SAMEA3474257,ERP010785,ERX1031818,ERS785533,73
PRJEB9654_ERR952849,VO2-1.2014,harvested,organic fertilizer,siliceous,valley,1,PRJEB9654,2014,519015,4771200,7.44,3.57,2.92,25,6.16,159,0.57,7.46,14.298281,1851,10,2014-05-27,VO2-1.2014,grassland,Spain,PRJEB9654,ERR952849,SAMEA3474465,ERP010785,ERX1031819,ERS785741,99
PRJEB9654_ERR952850,VO2-2.2013,harvested,organic fertilizer,siliceous,valley,2,PRJEB9654,2013,519022,4771231,9.42,5.21,1.31,47,5.53,229,0.65,3.17,4.478405,2353,8,2013-07-10,VO2-2.2013,grassland,Spain,PRJEB9654,ERR952850,SAMEA3474258,ERP010785,ERX1031820,ERS785534,61
PRJEB9654_ERR952851,VO2-2.2013,harvested,organic fertilizer,siliceous,valley,2,PRJEB9654,2013,519022,4771231,9.42,5.21,1.31,47,5.53,229,0.65,3.17,4.478405,2353,8,2013-07-10,VO2-2.2013,grassland,Spain,PRJEB9654,ERR952851,SAMEA3474466,ERP010785,ERX1031821,ERS785742,102
PRJEB9654_ERR952852,VO2-2.2014,harvested,organic fertilizer,siliceous,valley,2,PRJEB9654,2014,519022,4771231,4.06,5.21,2.61,14,5.85,93,0.38,8.31,16.447849,1982,10,2014-05-27,VO2-2.2014,grassland,Spain,PRJEB9654,ERR952852,SAMEA3474259,ERP010785,ERX1031822,ERS785535,64
PRJEB9654_ERR952853,VO2-2.2014,harvested,organic fertilizer,siliceous,valley,2,PRJEB9654,2014,519022,4771231,4.06,5.21,2.61,14,5.85,93,0.38,8.31,16.447849,1982,10,2014-05-27,VO2-2.2014,grassland,Spain,PRJEB9654,ERR952853,SAMEA3474467,ERP010785,ERX1031823,ERS785743,153
PRJEB9654_ERR952854,VO2-3.2013,harvested,organic fertilizer,calcareous,valley,3,PRJEB9654,2013,509238,4772983,6.7,2.93,1.3,45,7.49,171,0.53,5.96,10.631831,1611,25,2013-07-18,VO2-3.2013,grassland,Spain,PRJEB9654,ERR952854,SAMEA3474260,ERP010785,ERX1031824,ERS785536,94
PRJEB9654_ERR952855,VO2-3.2013,harvested,organic fertilizer,calcareous,valley,3,PRJEB9654,2013,509238,4772983,6.7,2.93,1.3,45,7.49,171,0.53,5.96,10.631831,1611,25,2013-07-18,VO2-3.2013,grassland,Spain,PRJEB9654,ERR952855,SAMEA3474468,ERP010785,ERX1031825,ERS785744,116
PRJEB9654_ERR952856,VO2-3.2014,harvested,organic fertilizer,calcareous,valley,3,PRJEB9654,2014,509238,4772983,6.45,2.93,0.78,43,7.79,173,0.52,2.44,6.254211,1694,5,2014-06-18,VO2-3.2014,grassland,Spain,PRJEB9654,ERR952856,SAMEA3474261,ERP010785,ERX1031826,ERS785537,42
PRJEB9654_ERR952857,VO2-3.2014,harvested,organic fertilizer,calcareous,valley,3,PRJEB9654,2014,509238,4772983,6.45,2.93,0.78,43,7.79,173,0.52,2.44,6.254211,1694,5,2014-06-18,VO2-3.2014,grassland,Spain,PRJEB9654,ERR952857,SAMEA3474469,ERP010785,ERX1031827,ERS785745,108
PRJEB9654_ERR952858,VO2-4.2013,harvested,organic fertilizer,calcareous,valley,4,PRJEB9654,2013,509214,4772995,6.25,1.36,1.79,25,6.18,323,0.48,6.29,10.671302,1794,23,2013-07-18,VO2-4.2013,grassland,Spain,PRJEB9654,ERR952858,SAMEA3474262,ERP010785,ERX1031828,ERS785538,67
PRJEB9654_ERR952859,VO2-4.2013,harvested,organic fertilizer,calcareous,valley,4,PRJEB9654,2013,509214,4772995,6.25,1.36,1.79,25,6.18,323,0.48,6.29,10.671302,1794,23,2013-07-18,VO2-4.2013,grassland,Spain,PRJEB9654,ERR952859,SAMEA3474470,ERP010785,ERX1031829,ERS785746,85
PRJEB9654_ERR952860,VO2-4.2014,harvested,organic fertilizer,calcareous,valley,4,PRJEB9654,2014,509214,4772995,5.41,1.36,0.9,40,7.71,200,0.45,4.14,7.778763,1808,10,2014-06-18,VO2-4.2014,grassland,Spain,PRJEB9654,ERR952860,SAMEA3474263,ERP010785,ERX1031830,ERS785539,71
PRJEB9654_ERR952861,VO2-4.2014,harvested,organic fertilizer,calcareous,valley,4,PRJEB9654,2014,509214,4772995,5.41,1.36,0.9,40,7.71,200,0.45,4.14,7.778763,1808,10,2014-06-18,VO2-4.2014,grassland,Spain,PRJEB9654,ERR952861,SAMEA3474471,ERP010785,ERX1031831,ERS785747,91
PRJEB9654_ERR952862,VO3-1.2013,partial-grazed,organic fertilizer,siliceous,valley,1,PRJEB9654,2013,519491,4770832,6.59,2.57,2.51,30,5.73,368,0.45,3.47,10.414994,1966,12,2013-07-10,VO3-1.2013,grassland,Spain,PRJEB9654,ERR952862,SAMEA3474288,ERP010785,ERX1031832,ERS785564,94
PRJEB9654_ERR952863,VO3-1.2013,partial-grazed,organic fertilizer,siliceous,valley,1,PRJEB9654,2013,519491,4770832,6.59,2.57,2.51,30,5.73,368,0.45,3.47,10.414994,1966,12,2013-07-10,VO3-1.2013,grassland,Spain,PRJEB9654,ERR952863,SAMEA3474496,ERP010785,ERX1031833,ERS785772,101
PRJEB9654_ERR952864,VO3-1.2014,partial-grazed,organic fertilizer,siliceous,valley,1,PRJEB9654,2014,519491,4770832,5.57,2.57,2.05,26,5.78,370,0.42,7.82,22.872687,1610,5,2014-06-12,VO3-1.2014,grassland,Spain,PRJEB9654,ERR952864,SAMEA3474289,ERP010785,ERX1031834,ERS785565,59
PRJEB9654_ERR952865,VO3-1.2014,partial-grazed,organic fertilizer,siliceous,valley,1,PRJEB9654,2014,519491,4770832,5.57,2.57,2.05,26,5.78,370,0.42,7.82,22.872687,1610,5,2014-06-12,VO3-1.2014,grassland,Spain,PRJEB9654,ERR952865,SAMEA3474497,ERP010785,ERX1031835,ERS785773,113
PRJEB9654_ERR952866,VO3-2.2013,partial-grazed,organic fertilizer,calcareous,valley,2,PRJEB9654,2013,511456,4771455,4.95,2.76,2.15,41,5.96,123,0.43,3.31,11.576595,1817,30,2013-07-01,VO3-2.2013,grassland,Spain,PRJEB9654,ERR952866,SAMEA3474290,ERP010785,ERX1031836,ERS785566,81
PRJEB9654_ERR952867,VO3-2.2013,partial-grazed,organic fertilizer,calcareous,valley,2,PRJEB9654,2013,511456,4771455,4.95,2.76,2.15,41,5.96,123,0.43,3.31,11.576595,1817,30,2013-07-01,VO3-2.2013,grassland,Spain,PRJEB9654,ERR952867,SAMEA3474498,ERP010785,ERX1031837,ERS785774,114
PRJEB9654_ERR952868,VO3-2.2014,partial-grazed,organic fertilizer,calcareous,valley,2,PRJEB9654,2014,511456,4771455,5.65,2.76,1.52,22,6.01,114,0.41,4.51,12.663525,1859,10,2014-06-06,VO3-2.2014,grassland,Spain,PRJEB9654,ERR952868,SAMEA3474291,ERP010785,ERX1031838,ERS785567,42
PRJEB9654_ERR952869,VO3-2.2014,partial-grazed,organic fertilizer,calcareous,valley,2,PRJEB9654,2014,511456,4771455,5.65,2.76,1.52,22,6.01,114,0.41,4.51,12.663525,1859,10,2014-06-06,VO3-2.2014,grassland,Spain,PRJEB9654,ERR952869,SAMEA3474499,ERP010785,ERX1031839,ERS785775,99
PRJEB9654_ERR952870,VO3-3.2013,partial-grazed,organic fertilizer,calcareous,valley,3,PRJEB9654,2013,511489,4771456,7.63,3.33,2.96,41,6.29,119,0.56,2.56,8.292632,1339,25,2013-07-01,VO3-3.2013,grassland,Spain,PRJEB9654,ERR952870,SAMEA3474292,ERP010785,ERX1031840,ERS785568,98
PRJEB9654_ERR952871,VO3-3.2013,partial-grazed,organic fertilizer,calcareous,valley,3,PRJEB9654,2013,511489,4771456,7.63,3.33,2.96,41,6.29,119,0.56,2.56,8.292632,1339,25,2013-07-01,VO3-3.2013,grassland,Spain,PRJEB9654,ERR952871,SAMEA3474500,ERP010785,ERX1031841,ERS785776,71
PRJEB9654_ERR952872,VO3-3.2014,partial-grazed,organic fertilizer,calcareous,valley,3,PRJEB9654,2014,511489,4771456,6.65,3.33,1.91,32,6.67,66,0.47,3.78,10.627646,1656,10,2014-06-06,VO3-3.2014,grassland,Spain,PRJEB9654,ERR952872,SAMEA3474293,ERP010785,ERX1031842,ERS785569,48
PRJEB9654_ERR952873,VO3-3.2014,partial-grazed,organic fertilizer,calcareous,valley,3,PRJEB9654,2014,511489,4771456,6.65,3.33,1.91,32,6.67,66,0.47,3.78,10.627646,1656,10,2014-06-06,VO3-3.2014,grassland,Spain,PRJEB9654,ERR952873,SAMEA3474501,ERP010785,ERX1031843,ERS785777,89
PRJEB9654_ERR952874,VO3-4.2013,partial-grazed,organic fertilizer,siliceous,valley,4,PRJEB9654,2013,521931,4771779,4.95,2.92,0.92,24,5.64,197,0.45,3.17,7.238949,1461,19,2013-09-23,VO3-4.2013,grassland,Spain,PRJEB9654,ERR952874,SAMEA3474294,ERP010785,ERX1031844,ERS785570,97
PRJEB9654_ERR952875,VO3-4.2013,partial-grazed,organic fertilizer,siliceous,valley,4,PRJEB9654,2013,521931,4771779,4.95,2.92,0.92,24,5.64,197,0.45,3.17,7.238949,1461,19,2013-09-23,VO3-4.2013,grassland,Spain,PRJEB9654,ERR952875,SAMEA3474502,ERP010785,ERX1031845,ERS785778,69
PRJEB9654_ERR952876,VO3-4.2014,partial-grazed,organic fertilizer,siliceous,valley,4,PRJEB9654,2014,521931,4771779,5.06,2.92,2.27,25,5.75,275,0.42,7.07,18.569786,1986,5,2014-06-12,VO3-4.2014,grassland,Spain,PRJEB9654,ERR952876,SAMEA3474295,ERP010785,ERX1031846,ERS785571,88
PRJEB9654_ERR952877,VO3-4.2014,partial-grazed,organic fertilizer,siliceous,valley,4,PRJEB9654,2014,521931,4771779,5.06,2.92,2.27,25,5.75,275,0.42,7.07,18.569786,1986,5,2014-06-12,VO3-4.2014,grassland,Spain,PRJEB9654,ERR952877,SAMEA3474503,ERP010785,ERX1031847,ERS785779,62
