,,accuracy,accuracy,accuracy,accuracy,accuracy,accuracy,Loss,Loss,Loss,Loss,Loss,Loss
,,pH,Available_P,EC,NH4_N,NO3_N,Exchangeable_K,pH,Available_P,EC,NH4_N,NO3_N,Exchangeable_K
method,fold,,,,,,,,,,,,
M,fold1,0.8414880207234248,0.6879980669303011,0.6483913958349754,0.5399764681140405,0.6153586471025062,0.6881709480795869,0.2553349435329437,47.20075607299805,0.02521141991019249,0.31796225905418396,1.1073106527328491,11.955953598022461
