,,accuracy,accuracy,Loss,Loss
,,CEC,pref,CEC,pref
method,fold,,,,
M,fold1,0.3359336853027344,0.05263157894736842,44.00457763671875,0.008333333333333333
S,fold1,0.40531623363494873,,39.40692138671875,
R,fold1,-437.68018531372155,,29069.28881171296,
X,fold1,-464.1518249511719,,30823.443359375,
S,fold1,-405.22641299072035,,26918.728763024592,
